period,round,event,peer,message_type
0,0,received,1,1
0,0,received,2,1
0,0,received,3,1
0,0,received,4,1
0,0,received,5,1
0,0,received,6,1
0,0,received,7,1
0,0,received,8,1
0,0,received,9,1
0,0,received,10,1
0,0,received,11,1
0,0,received,12,1
0,0,received,13,1
0,0,received,14,1
0,0,received,15,1
0,0,received,16,1
0,0,received,17,1
0,0,received,18,1
0,0,received,19,1
0,0,received,20,1
0,0,received,1,2
0,0,received,2,2
0,0,received,3,2
0,0,received,4,2
0,0,received,5,2
0,0,received,6,2
0,0,received,7,2
0,0,received,8,2
0,0,received,9,2
0,0,received,10,2
0,0,received,11,2
0,0,received,12,2
0,0,received,13,2
0,0,received,14,2
0,0,received,15,2
0,0,received,16,2
0,0,received,17,2
0,0,received,18,2
0,0,received,19,2
0,0,received,20,2
0,0,committee_selected,0,0
0,0,received,1,3
0,0,received,2,3
0,0,received,3,3
0,0,received,4,3
0,0,received,5,3
0,0,received,6,3
0,0,received,7,3
0,0,received,8,3
0,0,received,9,3
0,0,received,10,3
0,0,received,11,3
0,0,received,12,3
0,0,received,13,3
0,0,received,14,3
0,0,received,15,3
0,0,received,16,3
0,0,received,17,3
0,0,received,18,3
0,0,received,19,3
0,0,received,20,3
0,1,received,1,3
0,1,received,2,3
0,1,received,3,3
0,1,received,4,3
0,1,received,5,3
0,1,received,6,3
0,1,received,7,3
0,1,received,8,3
0,1,received,9,3
0,1,received,10,3
0,1,received,11,3
0,1,received,12,3
0,1,received,13,3
0,1,received,14,3
0,1,received,15,3
0,1,received,16,3
0,1,received,17,3
0,1,received,18,3
0,1,received,19,3
0,1,received,20,3
0,2,received,1,3
0,2,received,2,3
0,2,received,3,3
0,2,received,4,3
0,2,received,5,3
0,2,received,6,3
0,2,received,7,3
0,2,received,8,3
0,2,received,9,3
0,2,received,10,3
0,2,received,11,3
0,2,received,12,3
0,2,received,13,3
0,2,received,14,3
0,2,received,15,3
0,2,received,16,3
0,2,received,17,3
0,2,received,18,3
0,2,received,19,3
0,2,received,20,3
0,3,received,1,3
0,3,received,2,3
0,3,received,3,3
0,3,received,4,3
0,3,received,5,3
0,3,received,6,3
0,3,received,7,3
0,3,received,8,3
0,3,received,9,3
0,3,received,10,3
0,3,received,11,3
0,3,received,12,3
0,3,received,13,3
0,3,received,14,3
0,3,received,15,3
0,3,received,16,3
0,3,received,17,3
0,3,received,18,3
0,3,received,19,3
0,3,received,20,3
0,4,received,1,3
0,4,received,2,3
0,4,received,3,3
0,4,received,4,3
0,4,received,5,3
0,4,received,6,3
0,4,received,7,3
0,4,received,8,3
0,4,received,9,3
0,4,received,10,3
0,4,received,11,3
0,4,received,12,3
0,4,received,13,3
0,4,received,14,3
0,4,received,15,3
0,4,received,16,3
0,4,received,17,3
0,4,received,18,3
0,4,received,19,3
0,4,received,20,3
0,5,received,1,3
0,5,received,2,3
0,5,received,3,3
0,5,received,4,3
0,5,received,5,3
0,5,received,6,3
0,5,received,7,3
0,5,received,8,3
0,5,received,9,3
0,5,received,10,3
0,5,received,11,3
0,5,received,12,3
0,5,received,13,3
0,5,received,14,3
0,5,received,15,3
0,5,received,16,3
0,5,received,17,3
0,5,received,18,3
0,5,received,19,3
0,5,received,20,3
0,6,received,1,3
0,6,received,2,3
0,6,received,3,3
0,6,received,4,3
0,6,received,5,3
0,6,received,6,3
0,6,received,7,3
0,6,received,8,3
0,6,received,9,3
0,6,received,10,3
0,6,received,11,3
0,6,received,12,3
0,6,received,13,3
0,6,received,14,3
0,6,received,15,3
0,6,received,16,3
0,6,received,17,3
0,6,received,18,3
0,6,received,19,3
0,6,received,20,3
0,7,received,1,3
0,7,received,2,3
0,7,received,3,3
0,7,received,4,3
0,7,received,5,3
0,7,received,6,3
0,7,received,7,3
0,7,received,8,3
0,7,received,9,3
0,7,received,10,3
0,7,received,11,3
0,7,received,12,3
0,7,received,13,3
0,7,received,14,3
0,7,received,15,3
0,7,received,16,3
0,7,received,17,3
0,7,received,18,3
0,7,received,19,3
0,7,received,20,3
0,8,received,1,3
0,8,received,2,3
0,8,received,3,3
0,8,received,4,3
0,8,received,5,3
0,8,received,6,3
0,8,received,7,3
0,8,received,8,3
0,8,received,9,3
0,8,received,10,3
0,8,received,11,3
0,8,received,12,3
0,8,received,13,3
0,8,received,14,3
0,8,received,15,3
0,8,received,16,3
0,8,received,17,3
0,8,received,18,3
0,8,received,19,3
0,8,received,20,3
0,9,received,1,3
0,9,received,2,3
0,9,received,3,3
0,9,received,4,3
0,9,received,5,3
0,9,received,6,3
0,9,received,7,3
0,9,received,8,3
0,9,received,9,3
0,9,received,10,3
0,9,received,11,3
0,9,received,12,3
0,9,received,13,3
0,9,received,14,3
0,9,received,15,3
0,9,received,16,3
0,9,received,17,3
0,9,received,18,3
0,9,received,19,3
0,9,received,20,3
1,10,received,1,1
1,10,received,2,1
1,10,received,3,1
1,10,received,4,1
1,10,received,5,1
1,10,received,6,1
1,10,received,7,1
1,10,received,8,1
1,10,received,9,1
1,10,received,10,1
1,10,received,11,1
1,10,received,12,1
1,10,received,13,1
1,10,received,14,1
1,10,received,15,1
1,10,received,16,1
1,10,received,17,1
1,10,received,18,1
1,10,received,19,1
1,10,received,20,1
1,10,received,1,2
1,10,received,2,2
1,10,received,3,2
1,10,received,4,2
1,10,received,5,2
1,10,received,6,2
1,10,received,7,2
1,10,received,8,2
1,10,received,9,2
1,10,received,10,2
1,10,received,11,2
1,10,received,12,2
1,10,received,13,2
1,10,received,14,2
1,10,received,15,2
1,10,received,16,2
1,10,received,17,2
1,10,received,18,2
1,10,received,19,2
1,10,received,20,2
1,10,committee_selected,0,0
1,10,received,1,3
1,10,received,2,3
1,10,received,3,3
1,10,received,4,3
1,10,received,5,3
1,10,received,6,3
1,10,received,7,3
1,10,received,8,3
1,10,received,9,3
1,10,received,10,3
1,10,received,11,3
1,10,received,12,3
1,10,received,13,3
1,10,received,14,3
1,10,received,15,3
1,10,received,16,3
1,10,received,17,3
1,10,received,18,3
1,10,received,19,3
1,10,received,20,3
1,11,received,1,3
1,11,received,2,3
1,11,received,3,3
1,11,received,4,3
1,11,received,5,3
1,11,received,6,3
1,11,received,7,3
1,11,received,8,3
1,11,received,9,3
1,11,received,10,3
1,11,received,11,3
1,11,received,12,3
1,11,received,13,3
1,11,received,14,3
1,11,received,15,3
1,11,received,16,3
1,11,received,17,3
1,11,received,18,3
1,11,received,19,3
1,11,received,20,3
1,12,received,1,3
1,12,received,2,3
1,12,received,3,3
1,12,received,4,3
1,12,received,5,3
1,12,received,6,3
1,12,received,7,3
1,12,received,8,3
1,12,received,9,3
1,12,received,10,3
1,12,received,11,3
1,12,received,12,3
1,12,received,13,3
1,12,received,14,3
1,12,received,15,3
1,12,received,16,3
1,12,received,17,3
1,12,received,18,3
1,12,received,19,3
1,12,received,20,3
1,13,received,1,3
1,13,received,2,3
1,13,received,3,3
1,13,received,4,3
1,13,received,5,3
1,13,received,6,3
1,13,received,7,3
1,13,received,8,3
1,13,received,9,3
1,13,received,10,3
1,13,received,11,3
1,13,received,12,3
1,13,received,13,3
1,13,received,14,3
1,13,received,15,3
1,13,received,16,3
1,13,received,17,3
1,13,received,18,3
1,13,received,19,3
1,13,received,20,3
1,14,received,1,3
1,14,received,2,3
1,14,received,3,3
1,14,received,4,3
1,14,received,5,3
1,14,received,6,3
1,14,received,7,3
1,14,received,8,3
1,14,received,9,3
1,14,received,10,3
1,14,received,11,3
1,14,received,12,3
1,14,received,13,3
1,14,received,14,3
1,14,received,15,3
1,14,received,16,3
1,14,received,17,3
1,14,received,18,3
1,14,received,19,3
1,14,received,20,3
1,15,received,1,3
1,15,received,2,3
1,15,received,3,3
1,15,received,4,3
1,15,received,5,3
1,15,received,6,3
1,15,received,7,3
1,15,received,8,3
1,15,received,9,3
1,15,received,10,3
1,15,received,11,3
1,15,received,12,3
1,15,received,13,3
1,15,received,14,3
1,15,received,15,3
1,15,received,16,3
1,15,received,17,3
1,15,received,18,3
1,15,received,19,3
1,15,received,20,3
1,16,received,1,3
1,16,received,2,3
1,16,received,3,3
1,16,received,4,3
1,16,received,5,3
1,16,received,6,3
1,16,received,7,3
1,16,received,8,3
1,16,received,9,3
1,16,received,10,3
1,16,received,11,3
1,16,received,12,3
1,16,received,13,3
1,16,received,14,3
1,16,received,15,3
1,16,received,16,3
1,16,received,17,3
1,16,received,18,3
1,16,received,19,3
1,16,received,20,3
1,17,received,1,3
1,17,received,2,3
1,17,received,3,3
1,17,received,4,3
1,17,received,5,3
1,17,received,6,3
1,17,received,7,3
1,17,received,8,3
1,17,received,9,3
1,17,received,10,3
1,17,received,11,3
1,17,received,12,3
1,17,received,13,3
1,17,received,14,3
1,17,received,15,3
1,17,received,16,3
1,17,received,17,3
1,17,received,18,3
1,17,received,19,3
1,17,received,20,3
1,18,received,1,3
1,18,received,2,3
1,18,received,3,3
1,18,received,4,3
1,18,received,5,3
1,18,received,6,3
1,18,received,7,3
1,18,received,8,3
1,18,received,9,3
1,18,received,10,3
1,18,received,11,3
1,18,received,12,3
1,18,received,13,3
1,18,received,14,3
1,18,received,15,3
1,18,received,16,3
1,18,received,17,3
1,18,received,18,3
1,18,received,19,3
1,18,received,20,3
1,19,received,1,3
1,19,received,2,3
1,19,received,3,3
1,19,received,4,3
1,19,received,5,3
1,19,received,6,3
1,19,received,7,3
1,19,received,8,3
1,19,received,9,3
1,19,received,10,3
1,19,received,11,3
1,19,received,12,3
1,19,received,13,3
1,19,received,14,3
1,19,received,15,3
1,19,received,16,3
1,19,received,17,3
1,19,received,18,3
1,19,received,19,3
1,19,received,20,3
2,20,received,1,1
2,20,received,2,1
2,20,received,3,1
2,20,received,4,1
2,20,received,5,1
2,20,received,6,1
2,20,received,7,1
2,20,received,8,1
2,20,received,9,1
2,20,received,10,1
2,20,received,11,1
2,20,received,12,1
2,20,received,13,1
2,20,received,14,1
2,20,received,15,1
2,20,received,16,1
2,20,received,17,1
2,20,received,18,1
2,20,received,19,1
2,20,received,20,1
2,20,received,1,2
2,20,received,2,2
2,20,received,3,2
2,20,received,4,2
2,20,received,5,2
2,20,received,6,2
2,20,received,7,2
2,20,received,8,2
2,20,received,9,2
2,20,received,10,2
2,20,received,11,2
2,20,received,12,2
2,20,received,13,2
2,20,received,14,2
2,20,received,15,2
2,20,received,16,2
2,20,received,17,2
2,20,received,18,2
2,20,received,19,2
2,20,received,20,2
2,20,committee_selected,1,0
2,20,received,1,3
2,20,received,1,4
2,20,received,2,3
2,20,received,2,4
2,20,received,3,3
2,20,received,3,4
2,20,received,4,3
2,20,received,4,4
2,20,received,5,3
2,20,received,5,4
2,20,received,6,3
2,20,received,6,4
2,20,received,7,3
2,20,received,7,4
2,20,received,8,3
2,20,received,8,4
2,20,received,9,3
2,20,received,9,4
2,20,received,10,3
2,20,received,10,4
2,20,received,11,3
2,20,received,11,4
2,20,received,12,3
2,20,received,12,4
2,20,received,13,3
2,20,received,13,4
2,20,received,14,3
2,20,received,14,4
2,20,received,15,3
2,20,received,15,4
2,20,received,16,3
2,20,received,16,4
2,20,received,17,3
2,20,received,17,4
2,20,received,18,3
2,20,received,18,4
2,20,received,19,3
2,20,received,19,4
2,20,received,20,3
2,20,received,20,4
2,21,received,1,3
2,21,received,1,4
2,21,received,2,3
2,21,received,2,4
2,21,received,3,3
2,21,received,3,4
2,21,received,4,3
2,21,received,4,4
2,21,received,5,3
2,21,received,5,4
2,21,received,6,3
2,21,received,6,4
2,21,received,7,3
2,21,received,7,4
2,21,received,8,3
2,21,received,8,4
2,21,received,9,3
2,21,received,9,4
2,21,received,10,3
2,21,received,10,4
2,21,received,11,3
2,21,received,11,4
2,21,received,12,3
2,21,received,12,4
2,21,received,13,3
2,21,received,13,4
2,21,received,14,3
2,21,received,14,4
2,21,received,15,3
2,21,received,15,4
2,21,received,16,3
2,21,received,16,4
2,21,received,17,3
2,21,received,17,4
2,21,received,18,3
2,21,received,18,4
2,21,received,19,3
2,21,received,19,4
2,21,received,20,3
2,21,received,20,4
2,22,received,1,3
2,22,received,1,4
2,22,received,2,3
2,22,received,2,4
2,22,received,3,3
2,22,received,3,4
2,22,received,4,3
2,22,received,4,4
2,22,received,5,3
2,22,received,5,4
2,22,received,6,3
2,22,received,6,4
2,22,received,7,3
2,22,received,7,4
2,22,received,8,3
2,22,received,8,4
2,22,received,9,3
2,22,received,9,4
2,22,received,10,3
2,22,received,10,4
2,22,received,11,3
2,22,received,11,4
2,22,received,12,3
2,22,received,12,4
2,22,received,13,3
2,22,received,13,4
2,22,received,14,3
2,22,received,14,4
2,22,received,15,3
2,22,received,15,4
2,22,received,16,3
2,22,received,16,4
2,22,received,17,3
2,22,received,17,4
2,22,received,18,3
2,22,received,18,4
2,22,received,19,3
2,22,received,19,4
2,22,received,20,3
2,22,received,20,4
2,23,received,1,3
2,23,received,1,4
2,23,received,2,3
2,23,received,2,4
2,23,received,3,3
2,23,received,3,4
2,23,received,4,3
2,23,received,4,4
2,23,received,5,3
2,23,received,5,4
2,23,received,6,3
2,23,received,6,4
2,23,received,7,3
2,23,received,7,4
2,23,received,8,3
2,23,received,8,4
2,23,received,9,3
2,23,received,9,4
2,23,received,10,3
2,23,received,10,4
2,23,received,11,3
2,23,received,11,4
2,23,received,12,3
2,23,received,12,4
2,23,received,13,3
2,23,received,13,4
2,23,received,14,3
2,23,received,14,4
2,23,received,15,3
2,23,received,15,4
2,23,received,16,3
2,23,received,16,4
2,23,received,17,3
2,23,received,17,4
2,23,received,18,3
2,23,received,18,4
2,23,received,19,3
2,23,received,19,4
2,23,received,20,3
2,23,received,20,4
2,24,received,1,3
2,24,received,1,4
2,24,received,2,3
2,24,received,2,4
2,24,received,3,3
2,24,received,3,4
2,24,received,4,3
2,24,received,4,4
2,24,received,5,3
2,24,received,5,4
2,24,received,6,3
2,24,received,6,4
2,24,received,7,3
2,24,received,7,4
2,24,received,8,3
2,24,received,8,4
2,24,received,9,3
2,24,received,9,4
2,24,received,10,3
2,24,received,10,4
2,24,received,11,3
2,24,received,11,4
2,24,received,12,3
2,24,received,12,4
2,24,received,13,3
2,24,received,13,4
2,24,received,14,3
2,24,received,14,4
2,24,received,15,3
2,24,received,15,4
2,24,received,16,3
2,24,received,16,4
2,24,received,17,3
2,24,received,17,4
2,24,received,18,3
2,24,received,18,4
2,24,received,19,3
2,24,received,19,4
2,24,received,20,3
2,24,received,20,4
2,25,received,1,3
2,25,received,1,4
2,25,received,2,3
2,25,received,2,4
2,25,received,3,3
2,25,received,3,4
2,25,received,4,3
2,25,received,4,4
2,25,received,5,3
2,25,received,5,4
2,25,received,6,3
2,25,received,6,4
2,25,received,7,3
2,25,received,7,4
2,25,received,8,3
2,25,received,8,4
2,25,received,9,3
2,25,received,9,4
2,25,received,10,3
2,25,received,10,4
2,25,received,11,3
2,25,received,11,4
2,25,received,12,3
2,25,received,12,4
2,25,received,13,3
2,25,received,13,4
2,25,received,14,3
2,25,received,14,4
2,25,received,15,3
2,25,received,15,4
2,25,received,16,3
2,25,received,16,4
2,25,received,17,3
2,25,received,17,4
2,25,received,18,3
2,25,received,18,4
2,25,received,19,3
2,25,received,19,4
2,25,received,20,3
2,25,received,20,4
2,26,received,1,3
2,26,received,1,4
2,26,received,2,3
2,26,received,2,4
2,26,received,3,3
2,26,received,3,4
2,26,received,4,3
2,26,received,4,4
2,26,received,5,3
2,26,received,5,4
2,26,received,6,3
2,26,received,6,4
2,26,received,7,3
2,26,received,7,4
2,26,received,8,3
2,26,received,8,4
2,26,received,9,3
2,26,received,9,4
2,26,received,10,3
2,26,received,10,4
2,26,received,11,3
2,26,received,11,4
2,26,received,12,3
2,26,received,12,4
2,26,received,13,3
2,26,received,13,4
2,26,received,14,3
2,26,received,14,4
2,26,received,15,3
2,26,received,15,4
2,26,received,16,3
2,26,received,16,4
2,26,received,17,3
2,26,received,17,4
2,26,received,18,3
2,26,received,18,4
2,26,received,19,3
2,26,received,19,4
2,26,received,20,3
2,26,received,20,4
2,27,received,1,3
2,27,received,1,4
2,27,received,2,3
2,27,received,2,4
2,27,received,3,3
2,27,received,3,4
2,27,received,4,3
2,27,received,4,4
2,27,received,5,3
2,27,received,5,4
2,27,received,6,3
2,27,received,6,4
2,27,received,7,3
2,27,received,7,4
2,27,received,8,3
2,27,received,8,4
2,27,received,9,3
2,27,received,9,4
2,27,received,10,3
2,27,received,10,4
2,27,received,11,3
2,27,received,11,4
2,27,received,12,3
2,27,received,12,4
2,27,received,13,3
2,27,received,13,4
2,27,received,14,3
2,27,received,14,4
2,27,received,15,3
2,27,received,15,4
2,27,received,16,3
2,27,received,16,4
2,27,received,17,3
2,27,received,17,4
2,27,received,18,3
2,27,received,18,4
2,27,received,19,3
2,27,received,19,4
2,27,received,20,3
2,27,received,20,4
2,28,received,1,3
2,28,received,1,4
2,28,received,2,3
2,28,received,2,4
2,28,received,3,3
2,28,received,3,4
2,28,received,4,3
2,28,received,4,4
2,28,received,5,3
2,28,received,5,4
2,28,received,6,3
2,28,received,6,4
2,28,received,7,3
2,28,received,7,4
2,28,received,8,3
2,28,received,8,4
2,28,received,9,3
2,28,received,9,4
2,28,received,10,3
2,28,received,10,4
2,28,received,11,3
2,28,received,11,4
2,28,received,12,3
2,28,received,12,4
2,28,received,13,3
2,28,received,13,4
2,28,received,14,3
2,28,received,14,4
2,28,received,15,3
2,28,received,15,4
2,28,received,16,3
2,28,received,16,4
2,28,received,17,3
2,28,received,17,4
2,28,received,18,3
2,28,received,18,4
2,28,received,19,3
2,28,received,19,4
2,28,received,20,3
2,28,received,20,4
2,29,received,1,3
2,29,received,1,4
2,29,received,2,3
2,29,received,2,4
2,29,received,3,3
2,29,received,3,4
2,29,received,4,3
2,29,received,4,4
2,29,received,5,3
2,29,received,5,4
2,29,received,6,3
2,29,received,6,4
2,29,received,7,3
2,29,received,7,4
2,29,received,8,3
2,29,received,8,4
2,29,received,9,3
2,29,received,9,4
2,29,received,10,3
2,29,received,10,4
2,29,received,11,3
2,29,received,11,4
2,29,received,12,3
2,29,received,12,4
2,29,received,13,3
2,29,received,13,4
2,29,received,14,3
2,29,received,14,4
2,29,received,15,3
2,29,received,15,4
2,29,received,16,3
2,29,received,16,4
2,29,received,17,3
2,29,received,17,4
2,29,received,18,3
2,29,received,18,4
2,29,received,19,3
2,29,received,19,4
2,29,received,20,3
2,29,received,20,4
3,30,received,1,1
3,30,received,2,1
3,30,received,3,1
3,30,received,4,1
3,30,received,5,1
3,30,received,6,1
3,30,received,7,1
3,30,received,8,1
3,30,received,9,1
3,30,received,10,1
3,30,received,11,1
3,30,received,12,1
3,30,received,13,1
3,30,received,14,1
3,30,received,15,1
3,30,received,16,1
3,30,received,17,1
3,30,received,18,1
3,30,received,19,1
3,30,received,20,1
3,30,received,1,2
3,30,received,2,2
3,30,received,3,2
3,30,received,4,2
3,30,received,5,2
3,30,received,6,2
3,30,received,7,2
3,30,received,8,2
3,30,received,9,2
3,30,received,10,2
3,30,received,11,2
3,30,received,12,2
3,30,received,13,2
3,30,received,14,2
3,30,received,15,2
3,30,received,16,2
3,30,received,17,2
3,30,received,18,2
3,30,received,19,2
3,30,received,20,2
3,30,committee_selected,0,0
3,30,received,1,3
3,30,received,2,3
3,30,received,3,3
3,30,received,4,3
3,30,received,5,3
3,30,received,6,3
3,30,received,7,3
3,30,received,8,3
3,30,received,9,3
3,30,received,10,3
3,30,received,11,3
3,30,received,12,3
3,30,received,13,3
3,30,received,14,3
3,30,received,15,3
3,30,received,16,3
3,30,received,17,3
3,30,received,18,3
3,30,received,19,3
3,30,received,20,3
3,31,received,1,3
3,31,received,2,3
3,31,received,3,3
3,31,received,4,3
3,31,received,5,3
3,31,received,6,3
3,31,received,7,3
3,31,received,8,3
3,31,received,9,3
3,31,received,10,3
3,31,received,11,3
3,31,received,12,3
3,31,received,13,3
3,31,received,14,3
3,31,received,15,3
3,31,received,16,3
3,31,received,17,3
3,31,received,18,3
3,31,received,19,3
3,31,received,20,3
3,32,received,1,3
3,32,received,2,3
3,32,received,3,3
3,32,received,4,3
3,32,received,5,3
3,32,received,6,3
3,32,received,7,3
3,32,received,8,3
3,32,received,9,3
3,32,received,10,3
3,32,received,11,3
3,32,received,12,3
3,32,received,13,3
3,32,received,14,3
3,32,received,15,3
3,32,received,16,3
3,32,received,17,3
3,32,received,18,3
3,32,received,19,3
3,32,received,20,3
3,33,received,1,3
3,33,received,2,3
3,33,received,3,3
3,33,received,4,3
3,33,received,5,3
3,33,received,6,3
3,33,received,7,3
3,33,received,8,3
3,33,received,9,3
3,33,received,10,3
3,33,received,11,3
3,33,received,12,3
3,33,received,13,3
3,33,received,14,3
3,33,received,15,3
3,33,received,16,3
3,33,received,17,3
3,33,received,18,3
3,33,received,19,3
3,33,received,20,3
3,34,received,1,3
3,34,received,2,3
3,34,received,3,3
3,34,received,4,3
3,34,received,5,3
3,34,received,6,3
3,34,received,7,3
3,34,received,8,3
3,34,received,9,3
3,34,received,10,3
3,34,received,11,3
3,34,received,12,3
3,34,received,13,3
3,34,received,14,3
3,34,received,15,3
3,34,received,16,3
3,34,received,17,3
3,34,received,18,3
3,34,received,19,3
3,34,received,20,3
3,35,received,1,3
3,35,received,2,3
3,35,received,3,3
3,35,received,4,3
3,35,received,5,3
3,35,received,6,3
3,35,received,7,3
3,35,received,8,3
3,35,received,9,3
3,35,received,10,3
3,35,received,11,3
3,35,received,12,3
3,35,received,13,3
3,35,received,14,3
3,35,received,15,3
3,35,received,16,3
3,35,received,17,3
3,35,received,18,3
3,35,received,19,3
3,35,received,20,3
3,36,received,1,3
3,36,received,2,3
3,36,received,3,3
3,36,received,4,3
3,36,received,5,3
3,36,received,6,3
3,36,received,7,3
3,36,received,8,3
3,36,received,9,3
3,36,received,10,3
3,36,received,11,3
3,36,received,12,3
3,36,received,13,3
3,36,received,14,3
3,36,received,15,3
3,36,received,16,3
3,36,received,17,3
3,36,received,18,3
3,36,received,19,3
3,36,received,20,3
3,37,received,1,3
3,37,received,2,3
3,37,received,3,3
3,37,received,4,3
3,37,received,5,3
3,37,received,6,3
3,37,received,7,3
3,37,received,8,3
3,37,received,9,3
3,37,received,10,3
3,37,received,11,3
3,37,received,12,3
3,37,received,13,3
3,37,received,14,3
3,37,received,15,3
3,37,received,16,3
3,37,received,17,3
3,37,received,18,3
3,37,received,19,3
3,37,received,20,3
3,38,received,1,3
3,38,received,2,3
3,38,received,3,3
3,38,received,4,3
3,38,received,5,3
3,38,received,6,3
3,38,received,7,3
3,38,received,8,3
3,38,received,9,3
3,38,received,10,3
3,38,received,11,3
3,38,received,12,3
3,38,received,13,3
3,38,received,14,3
3,38,received,15,3
3,38,received,16,3
3,38,received,17,3
3,38,received,18,3
3,38,received,19,3
3,38,received,20,3
3,39,received,1,3
3,39,received,2,3
3,39,received,3,3
3,39,received,4,3
3,39,received,5,3
3,39,received,6,3
3,39,received,7,3
3,39,received,8,3
3,39,received,9,3
3,39,received,10,3
3,39,received,11,3
3,39,received,12,3
3,39,received,13,3
3,39,received,14,3
3,39,received,15,3
3,39,received,16,3
3,39,received,17,3
3,39,received,18,3
3,39,received,19,3
3,39,received,20,3
4,40,received,1,1
4,40,received,2,1
4,40,received,3,1
4,40,received,4,1
4,40,received,5,1
4,40,received,6,1
4,40,received,7,1
4,40,received,8,1
4,40,received,9,1
4,40,received,10,1
4,40,received,11,1
4,40,received,12,1
4,40,received,13,1
4,40,received,14,1
4,40,received,15,1
4,40,received,16,1
4,40,received,17,1
4,40,received,18,1
4,40,received,19,1
4,40,received,20,1
4,40,received,1,2
4,40,received,2,2
4,40,received,3,2
4,40,received,4,2
4,40,received,5,2
4,40,received,6,2
4,40,received,7,2
4,40,received,8,2
4,40,received,9,2
4,40,received,10,2
4,40,received,11,2
4,40,received,12,2
4,40,received,13,2
4,40,received,14,2
4,40,received,15,2
4,40,received,16,2
4,40,received,17,2
4,40,received,18,2
4,40,received,19,2
4,40,received,20,2
4,40,committee_selected,1,0
4,40,received,1,3
4,40,received,1,4
4,40,received,2,3
4,40,received,2,4
4,40,received,3,3
4,40,received,3,4
4,40,received,4,3
4,40,received,4,4
4,40,received,5,3
4,40,received,5,4
4,40,received,6,3
4,40,received,6,4
4,40,received,7,3
4,40,received,7,4
4,40,received,8,3
4,40,received,8,4
4,40,received,9,3
4,40,received,9,4
4,40,received,10,3
4,40,received,10,4
4,40,received,11,3
4,40,received,11,4
4,40,received,12,3
4,40,received,12,4
4,40,received,13,3
4,40,received,13,4
4,40,received,14,3
4,40,received,14,4
4,40,received,15,3
4,40,received,15,4
4,40,received,16,3
4,40,received,16,4
4,40,received,17,3
4,40,received,17,4
4,40,received,18,3
4,40,received,18,4
4,40,received,19,3
4,40,received,19,4
4,40,received,20,3
4,40,received,20,4
4,41,received,1,3
4,41,received,1,4
4,41,received,2,3
4,41,received,2,4
4,41,received,3,3
4,41,received,3,4
4,41,received,4,3
4,41,received,4,4
4,41,received,5,3
4,41,received,5,4
4,41,received,6,3
4,41,received,6,4
4,41,received,7,3
4,41,received,7,4
4,41,received,8,3
4,41,received,8,4
4,41,received,9,3
4,41,received,9,4
4,41,received,10,3
4,41,received,10,4
4,41,received,11,3
4,41,received,11,4
4,41,received,12,3
4,41,received,12,4
4,41,received,13,3
4,41,received,13,4
4,41,received,14,3
4,41,received,14,4
4,41,received,15,3
4,41,received,15,4
4,41,received,16,3
4,41,received,16,4
4,41,received,17,3
4,41,received,17,4
4,41,received,18,3
4,41,received,18,4
4,41,received,19,3
4,41,received,19,4
4,41,received,20,3
4,41,received,20,4
4,42,received,1,3
4,42,received,1,4
4,42,received,2,3
4,42,received,2,4
4,42,received,3,3
4,42,received,3,4
4,42,received,4,3
4,42,received,4,4
4,42,received,5,3
4,42,received,5,4
4,42,received,6,3
4,42,received,6,4
4,42,received,7,3
4,42,received,7,4
4,42,received,8,3
4,42,received,8,4
4,42,received,9,3
4,42,received,9,4
4,42,received,10,3
4,42,received,10,4
4,42,received,11,3
4,42,received,11,4
4,42,received,12,3
4,42,received,12,4
4,42,received,13,3
4,42,received,13,4
4,42,received,14,3
4,42,received,14,4
4,42,received,15,3
4,42,received,15,4
4,42,received,16,3
4,42,received,16,4
4,42,received,17,3
4,42,received,17,4
4,42,received,18,3
4,42,received,18,4
4,42,received,19,3
4,42,received,19,4
4,42,received,20,3
4,42,received,20,4
4,43,received,1,3
4,43,received,1,4
4,43,received,2,3
4,43,received,2,4
4,43,received,3,3
4,43,received,3,4
4,43,received,4,3
4,43,received,4,4
4,43,received,5,3
4,43,received,5,4
4,43,received,6,3
4,43,received,6,4
4,43,received,7,3
4,43,received,7,4
4,43,received,8,3
4,43,received,8,4
4,43,received,9,3
4,43,received,9,4
4,43,received,10,3
4,43,received,10,4
4,43,received,11,3
4,43,received,11,4
4,43,received,12,3
4,43,received,12,4
4,43,received,13,3
4,43,received,13,4
4,43,received,14,3
4,43,received,14,4
4,43,received,15,3
4,43,received,15,4
4,43,received,16,3
4,43,received,16,4
4,43,received,17,3
4,43,received,17,4
4,43,received,18,3
4,43,received,18,4
4,43,received,19,3
4,43,received,19,4
4,43,received,20,3
4,43,received,20,4
4,44,received,1,3
4,44,received,1,4
4,44,received,2,3
4,44,received,2,4
4,44,received,3,3
4,44,received,3,4
4,44,received,4,3
4,44,received,4,4
4,44,received,5,3
4,44,received,5,4
4,44,received,6,3
4,44,received,6,4
4,44,received,7,3
4,44,received,7,4
4,44,received,8,3
4,44,received,8,4
4,44,received,9,3
4,44,received,9,4
4,44,received,10,3
4,44,received,10,4
4,44,received,11,3
4,44,received,11,4
4,44,received,12,3
4,44,received,12,4
4,44,received,13,3
4,44,received,13,4
4,44,received,14,3
4,44,received,14,4
4,44,received,15,3
4,44,received,15,4
4,44,received,16,3
4,44,received,16,4
4,44,received,17,3
4,44,received,17,4
4,44,received,18,3
4,44,received,18,4
4,44,received,19,3
4,44,received,19,4
4,44,received,20,3
4,44,received,20,4
4,45,received,1,3
4,45,received,1,4
4,45,received,2,3
4,45,received,2,4
4,45,received,3,3
4,45,received,3,4
4,45,received,4,3
4,45,received,4,4
4,45,received,5,3
4,45,received,5,4
4,45,received,6,3
4,45,received,6,4
4,45,received,7,3
4,45,received,7,4
4,45,received,8,3
4,45,received,8,4
4,45,received,9,3
4,45,received,9,4
4,45,received,10,3
4,45,received,10,4
4,45,received,11,3
4,45,received,11,4
4,45,received,12,3
4,45,received,12,4
4,45,received,13,3
4,45,received,13,4
4,45,received,14,3
4,45,received,14,4
4,45,received,15,3
4,45,received,15,4
4,45,received,16,3
4,45,received,16,4
4,45,received,17,3
4,45,received,17,4
4,45,received,18,3
4,45,received,18,4
4,45,received,19,3
4,45,received,19,4
4,45,received,20,3
4,45,received,20,4
4,46,received,1,3
4,46,received,1,4
4,46,received,2,3
4,46,received,2,4
4,46,received,3,3
4,46,received,3,4
4,46,received,4,3
4,46,received,4,4
4,46,received,5,3
4,46,received,5,4
4,46,received,6,3
4,46,received,6,4
4,46,received,7,3
4,46,received,7,4
4,46,received,8,3
4,46,received,8,4
4,46,received,9,3
4,46,received,9,4
4,46,received,10,3
4,46,received,10,4
4,46,received,11,3
4,46,received,11,4
4,46,received,12,3
4,46,received,12,4
4,46,received,13,3
4,46,received,13,4
4,46,received,14,3
4,46,received,14,4
4,46,received,15,3
4,46,received,15,4
4,46,received,16,3
4,46,received,16,4
4,46,received,17,3
4,46,received,17,4
4,46,received,18,3
4,46,received,18,4
4,46,received,19,3
4,46,received,19,4
4,46,received,20,3
4,46,received,20,4
4,47,received,1,3
4,47,received,1,4
4,47,received,2,3
4,47,received,2,4
4,47,received,3,3
4,47,received,3,4
4,47,received,4,3
4,47,received,4,4
4,47,received,5,3
4,47,received,5,4
4,47,received,6,3
4,47,received,6,4
4,47,received,7,3
4,47,received,7,4
4,47,received,8,3
4,47,received,8,4
4,47,received,9,3
4,47,received,9,4
4,47,received,10,3
4,47,received,10,4
4,47,received,11,3
4,47,received,11,4
4,47,received,12,3
4,47,received,12,4
4,47,received,13,3
4,47,received,13,4
4,47,received,14,3
4,47,received,14,4
4,47,received,15,3
4,47,received,15,4
4,47,received,16,3
4,47,received,16,4
4,47,received,17,3
4,47,received,17,4
4,47,received,18,3
4,47,received,18,4
4,47,received,19,3
4,47,received,19,4
4,47,received,20,3
4,47,received,20,4
4,48,received,1,3
4,48,received,1,4
4,48,received,2,3
4,48,received,2,4
4,48,received,3,3
4,48,received,3,4
4,48,received,4,3
4,48,received,4,4
4,48,received,5,3
4,48,received,5,4
4,48,received,6,3
4,48,received,6,4
4,48,received,7,3
4,48,received,7,4
4,48,received,8,3
4,48,received,8,4
4,48,received,9,3
4,48,received,9,4
4,48,received,10,3
4,48,received,10,4
4,48,received,11,3
4,48,received,11,4
4,48,received,12,3
4,48,received,12,4
4,48,received,13,3
4,48,received,13,4
4,48,received,14,3
4,48,received,14,4
4,48,received,15,3
4,48,received,15,4
4,48,received,16,3
4,48,received,16,4
4,48,received,17,3
4,48,received,17,4
4,48,received,18,3
4,48,received,18,4
4,48,received,19,3
4,48,received,19,4
4,48,received,20,3
4,48,received,20,4
4,49,received,1,3
4,49,received,1,4
4,49,received,2,3
4,49,received,2,4
4,49,received,3,3
4,49,received,3,4
4,49,received,4,3
4,49,received,4,4
4,49,received,5,3
4,49,received,5,4
4,49,received,6,3
4,49,received,6,4
4,49,received,7,3
4,49,received,7,4
4,49,received,8,3
4,49,received,8,4
4,49,received,9,3
4,49,received,9,4
4,49,received,10,3
4,49,received,10,4
4,49,received,11,3
4,49,received,11,4
4,49,received,12,3
4,49,received,12,4
4,49,received,13,3
4,49,received,13,4
4,49,received,14,3
4,49,received,14,4
4,49,received,15,3
4,49,received,15,4
4,49,received,16,3
4,49,received,16,4
4,49,received,17,3
4,49,received,17,4
4,49,received,18,3
4,49,received,18,4
4,49,received,19,3
4,49,received,19,4
4,49,received,20,3
4,49,received,20,4
5,50,received,1,1
5,50,received,2,1
5,50,received,3,1
5,50,received,4,1
5,50,received,5,1
5,50,received,6,1
5,50,received,7,1
5,50,received,8,1
5,50,received,9,1
5,50,received,10,1
5,50,received,11,1
5,50,received,12,1
5,50,received,13,1
5,50,received,14,1
5,50,received,15,1
5,50,received,16,1
5,50,received,17,1
5,50,received,18,1
5,50,received,19,1
5,50,received,20,1
5,50,received,1,2
5,50,received,2,2
5,50,received,3,2
5,50,received,4,2
5,50,received,5,2
5,50,received,6,2
5,50,received,7,2
5,50,received,8,2
5,50,received,9,2
5,50,received,10,2
5,50,received,11,2
5,50,received,12,2
5,50,received,13,2
5,50,received,14,2
5,50,received,15,2
5,50,received,16,2
5,50,received,17,2
5,50,received,18,2
5,50,received,19,2
5,50,received,20,2
5,50,committee_selected,1,0
5,50,received,1,3
5,50,received,1,4
5,50,received,2,3
5,50,received,2,4
5,50,received,3,3
5,50,received,3,4
5,50,received,4,3
5,50,received,4,4
5,50,received,5,3
5,50,received,5,4
5,50,received,6,3
5,50,received,6,4
5,50,received,7,3
5,50,received,7,4
5,50,received,8,3
5,50,received,8,4
5,50,received,9,3
5,50,received,9,4
5,50,received,10,3
5,50,received,10,4
5,50,received,11,3
5,50,received,11,4
5,50,received,12,3
5,50,received,12,4
5,50,received,13,3
5,50,received,13,4
5,50,received,14,3
5,50,received,14,4
5,50,received,15,3
5,50,received,15,4
5,50,received,16,3
5,50,received,16,4
5,50,received,17,3
5,50,received,17,4
5,50,received,18,3
5,50,received,18,4
5,50,received,19,3
5,50,received,19,4
5,50,received,20,3
5,50,received,20,4
5,51,received,1,3
5,51,received,1,4
5,51,received,2,3
5,51,received,2,4
5,51,received,3,3
5,51,received,3,4
5,51,received,4,3
5,51,received,4,4
5,51,received,5,3
5,51,received,5,4
5,51,received,6,3
5,51,received,6,4
5,51,received,7,3
5,51,received,7,4
5,51,received,8,3
5,51,received,8,4
5,51,received,9,3
5,51,received,9,4
5,51,received,10,3
5,51,received,10,4
5,51,received,11,3
5,51,received,11,4
5,51,received,12,3
5,51,received,12,4
5,51,received,13,3
5,51,received,13,4
5,51,received,14,3
5,51,received,14,4
5,51,received,15,3
5,51,received,15,4
5,51,received,16,3
5,51,received,16,4
5,51,received,17,3
5,51,received,17,4
5,51,received,18,3
5,51,received,18,4
5,51,received,19,3
5,51,received,19,4
5,51,received,20,3
5,51,received,20,4
5,52,received,1,3
5,52,received,1,4
5,52,received,2,3
5,52,received,2,4
5,52,received,3,3
5,52,received,3,4
5,52,received,4,3
5,52,received,4,4
5,52,received,5,3
5,52,received,5,4
5,52,received,6,3
5,52,received,6,4
5,52,received,7,3
5,52,received,7,4
5,52,received,8,3
5,52,received,8,4
5,52,received,9,3
5,52,received,9,4
5,52,received,10,3
5,52,received,10,4
5,52,received,11,3
5,52,received,11,4
5,52,received,12,3
5,52,received,12,4
5,52,received,13,3
5,52,received,13,4
5,52,received,14,3
5,52,received,14,4
5,52,received,15,3
5,52,received,15,4
5,52,received,16,3
5,52,received,16,4
5,52,received,17,3
5,52,received,17,4
5,52,received,18,3
5,52,received,18,4
5,52,received,19,3
5,52,received,19,4
5,52,received,20,3
5,52,received,20,4
5,53,received,1,3
5,53,received,1,4
5,53,received,2,3
5,53,received,2,4
5,53,received,3,3
5,53,received,3,4
5,53,received,4,3
5,53,received,4,4
5,53,received,5,3
5,53,received,5,4
5,53,received,6,3
5,53,received,6,4
5,53,received,7,3
5,53,received,7,4
5,53,received,8,3
5,53,received,8,4
5,53,received,9,3
5,53,received,9,4
5,53,received,10,3
5,53,received,10,4
5,53,received,11,3
5,53,received,11,4
5,53,received,12,3
5,53,received,12,4
5,53,received,13,3
5,53,received,13,4
5,53,received,14,3
5,53,received,14,4
5,53,received,15,3
5,53,received,15,4
5,53,received,16,3
5,53,received,16,4
5,53,received,17,3
5,53,received,17,4
5,53,received,18,3
5,53,received,18,4
5,53,received,19,3
5,53,received,19,4
5,53,received,20,3
5,53,received,20,4
5,54,received,1,3
5,54,received,1,4
5,54,received,2,3
5,54,received,2,4
5,54,received,3,3
5,54,received,3,4
5,54,received,4,3
5,54,received,4,4
5,54,received,5,3
5,54,received,5,4
5,54,received,6,3
5,54,received,6,4
5,54,received,7,3
5,54,received,7,4
5,54,received,8,3
5,54,received,8,4
5,54,received,9,3
5,54,received,9,4
5,54,received,10,3
5,54,received,10,4
5,54,received,11,3
5,54,received,11,4
5,54,received,12,3
5,54,received,12,4
5,54,received,13,3
5,54,received,13,4
5,54,received,14,3
5,54,received,14,4
5,54,received,15,3
5,54,received,15,4
5,54,received,16,3
5,54,received,16,4
5,54,received,17,3
5,54,received,17,4
5,54,received,18,3
5,54,received,18,4
5,54,received,19,3
5,54,received,19,4
5,54,received,20,3
5,54,received,20,4
5,55,received,1,3
5,55,received,1,4
5,55,received,2,3
5,55,received,2,4
5,55,received,3,3
5,55,received,3,4
5,55,received,4,3
5,55,received,4,4
5,55,received,5,3
5,55,received,5,4
5,55,received,6,3
5,55,received,6,4
5,55,received,7,3
5,55,received,7,4
5,55,received,8,3
5,55,received,8,4
5,55,received,9,3
5,55,received,9,4
5,55,received,10,3
5,55,received,10,4
5,55,received,11,3
5,55,received,11,4
5,55,received,12,3
5,55,received,12,4
5,55,received,13,3
5,55,received,13,4
5,55,received,14,3
5,55,received,14,4
5,55,received,15,3
5,55,received,15,4
5,55,received,16,3
5,55,received,16,4
5,55,received,17,3
5,55,received,17,4
5,55,received,18,3
5,55,received,18,4
5,55,received,19,3
5,55,received,19,4
5,55,received,20,3
5,55,received,20,4
5,56,received,1,3
5,56,received,1,4
5,56,received,2,3
5,56,received,2,4
5,56,received,3,3
5,56,received,3,4
5,56,received,4,3
5,56,received,4,4
5,56,received,5,3
5,56,received,5,4
5,56,received,6,3
5,56,received,6,4
5,56,received,7,3
5,56,received,7,4
5,56,received,8,3
5,56,received,8,4
5,56,received,9,3
5,56,received,9,4
5,56,received,10,3
5,56,received,10,4
5,56,received,11,3
5,56,received,11,4
5,56,received,12,3
5,56,received,12,4
5,56,received,13,3
5,56,received,13,4
5,56,received,14,3
5,56,received,14,4
5,56,received,15,3
5,56,received,15,4
5,56,received,16,3
5,56,received,16,4
5,56,received,17,3
5,56,received,17,4
5,56,received,18,3
5,56,received,18,4
5,56,received,19,3
5,56,received,19,4
5,56,received,20,3
5,56,received,20,4
5,57,received,1,3
5,57,received,1,4
5,57,received,2,3
5,57,received,2,4
5,57,received,3,3
5,57,received,3,4
5,57,received,4,3
5,57,received,4,4
5,57,received,5,3
5,57,received,5,4
5,57,received,6,3
5,57,received,6,4
5,57,received,7,3
5,57,received,7,4
5,57,received,8,3
5,57,received,8,4
5,57,received,9,3
5,57,received,9,4
5,57,received,10,3
5,57,received,10,4
5,57,received,11,3
5,57,received,11,4
5,57,received,12,3
5,57,received,12,4
5,57,received,13,3
5,57,received,13,4
5,57,received,14,3
5,57,received,14,4
5,57,received,15,3
5,57,received,15,4
5,57,received,16,3
5,57,received,16,4
5,57,received,17,3
5,57,received,17,4
5,57,received,18,3
5,57,received,18,4
5,57,received,19,3
5,57,received,19,4
5,57,received,20,3
5,57,received,20,4
5,58,received,1,3
5,58,received,1,4
5,58,received,2,3
5,58,received,2,4
5,58,received,3,3
5,58,received,3,4
5,58,received,4,3
5,58,received,4,4
5,58,received,5,3
5,58,received,5,4
5,58,received,6,3
5,58,received,6,4
5,58,received,7,3
5,58,received,7,4
5,58,received,8,3
5,58,received,8,4
5,58,received,9,3
5,58,received,9,4
5,58,received,10,3
5,58,received,10,4
5,58,received,11,3
5,58,received,11,4
5,58,received,12,3
5,58,received,12,4
5,58,received,13,3
5,58,received,13,4
5,58,received,14,3
5,58,received,14,4
5,58,received,15,3
5,58,received,15,4
5,58,received,16,3
5,58,received,16,4
5,58,received,17,3
5,58,received,17,4
5,58,received,18,3
5,58,received,18,4
5,58,received,19,3
5,58,received,19,4
5,58,received,20,3
5,58,received,20,4
5,59,received,1,3
5,59,received,1,4
5,59,received,2,3
5,59,received,2,4
5,59,received,3,3
5,59,received,3,4
5,59,received,4,3
5,59,received,4,4
5,59,received,5,3
5,59,received,5,4
5,59,received,6,3
5,59,received,6,4
5,59,received,7,3
5,59,received,7,4
5,59,received,8,3
5,59,received,8,4
5,59,received,9,3
5,59,received,9,4
5,59,received,10,3
5,59,received,10,4
5,59,received,11,3
5,59,received,11,4
5,59,received,12,3
5,59,received,12,4
5,59,received,13,3
5,59,received,13,4
5,59,received,14,3
5,59,received,14,4
5,59,received,15,3
5,59,received,15,4
5,59,received,16,3
5,59,received,16,4
5,59,received,17,3
5,59,received,17,4
5,59,received,18,3
5,59,received,18,4
5,59,received,19,3
5,59,received,19,4
5,59,received,20,3
5,59,received,20,4
6,60,received,1,1
6,60,received,2,1
6,60,received,3,1
6,60,received,4,1
6,60,received,5,1
6,60,received,6,1
6,60,received,7,1
6,60,received,8,1
6,60,received,9,1
6,60,received,10,1
6,60,received,11,1
6,60,received,12,1
6,60,received,13,1
6,60,received,14,1
6,60,received,15,1
6,60,received,16,1
6,60,received,17,1
6,60,received,18,1
6,60,received,19,1
6,60,received,20,1
6,60,received,1,2
6,60,received,2,2
6,60,received,3,2
6,60,received,4,2
6,60,received,5,2
6,60,received,6,2
6,60,received,7,2
6,60,received,8,2
6,60,received,9,2
6,60,received,10,2
6,60,received,11,2
6,60,received,12,2
6,60,received,13,2
6,60,received,14,2
6,60,received,15,2
6,60,received,16,2
6,60,received,17,2
6,60,received,18,2
6,60,received,19,2
6,60,received,20,2
6,60,committee_selected,0,0
6,60,received,1,3
6,60,received,2,3
6,60,received,3,3
6,60,received,4,3
6,60,received,5,3
6,60,received,6,3
6,60,received,7,3
6,60,received,8,3
6,60,received,9,3
6,60,received,10,3
6,60,received,11,3
6,60,received,12,3
6,60,received,13,3
6,60,received,14,3
6,60,received,15,3
6,60,received,16,3
6,60,received,17,3
6,60,received,18,3
6,60,received,19,3
6,60,received,20,3
6,61,received,1,3
6,61,received,2,3
6,61,received,3,3
6,61,received,4,3
6,61,received,5,3
6,61,received,6,3
6,61,received,7,3
6,61,received,8,3
6,61,received,9,3
6,61,received,10,3
6,61,received,11,3
6,61,received,12,3
6,61,received,13,3
6,61,received,14,3
6,61,received,15,3
6,61,received,16,3
6,61,received,17,3
6,61,received,18,3
6,61,received,19,3
6,61,received,20,3
6,62,received,1,3
6,62,received,2,3
6,62,received,3,3
6,62,received,4,3
6,62,received,5,3
6,62,received,6,3
6,62,received,7,3
6,62,received,8,3
6,62,received,9,3
6,62,received,10,3
6,62,received,11,3
6,62,received,12,3
6,62,received,13,3
6,62,received,14,3
6,62,received,15,3
6,62,received,16,3
6,62,received,17,3
6,62,received,18,3
6,62,received,19,3
6,62,received,20,3
6,63,received,1,3
6,63,received,2,3
6,63,received,3,3
6,63,received,4,3
6,63,received,5,3
6,63,received,6,3
6,63,received,7,3
6,63,received,8,3
6,63,received,9,3
6,63,received,10,3
6,63,received,11,3
6,63,received,12,3
6,63,received,13,3
6,63,received,14,3
6,63,received,15,3
6,63,received,16,3
6,63,received,17,3
6,63,received,18,3
6,63,received,19,3
6,63,received,20,3
6,64,received,1,3
6,64,received,2,3
6,64,received,3,3
6,64,received,4,3
6,64,received,5,3
6,64,received,6,3
6,64,received,7,3
6,64,received,8,3
6,64,received,9,3
6,64,received,10,3
6,64,received,11,3
6,64,received,12,3
6,64,received,13,3
6,64,received,14,3
6,64,received,15,3
6,64,received,16,3
6,64,received,17,3
6,64,received,18,3
6,64,received,19,3
6,64,received,20,3
6,65,received,1,3
6,65,received,2,3
6,65,received,3,3
6,65,received,4,3
6,65,received,5,3
6,65,received,6,3
6,65,received,7,3
6,65,received,8,3
6,65,received,9,3
6,65,received,10,3
6,65,received,11,3
6,65,received,12,3
6,65,received,13,3
6,65,received,14,3
6,65,received,15,3
6,65,received,16,3
6,65,received,17,3
6,65,received,18,3
6,65,received,19,3
6,65,received,20,3
6,66,received,1,3
6,66,received,2,3
6,66,received,3,3
6,66,received,4,3
6,66,received,5,3
6,66,received,6,3
6,66,received,7,3
6,66,received,8,3
6,66,received,9,3
6,66,received,10,3
6,66,received,11,3
6,66,received,12,3
6,66,received,13,3
6,66,received,14,3
6,66,received,15,3
6,66,received,16,3
6,66,received,17,3
6,66,received,18,3
6,66,received,19,3
6,66,received,20,3
6,67,received,1,3
6,67,received,2,3
6,67,received,3,3
6,67,received,4,3
6,67,received,5,3
6,67,received,6,3
6,67,received,7,3
6,67,received,8,3
6,67,received,9,3
6,67,received,10,3
6,67,received,11,3
6,67,received,12,3
6,67,received,13,3
6,67,received,14,3
6,67,received,15,3
6,67,received,16,3
6,67,received,17,3
6,67,received,18,3
6,67,received,19,3
6,67,received,20,3
6,68,received,1,3
6,68,received,2,3
6,68,received,3,3
6,68,received,4,3
6,68,received,5,3
6,68,received,6,3
6,68,received,7,3
6,68,received,8,3
6,68,received,9,3
6,68,received,10,3
6,68,received,11,3
6,68,received,12,3
6,68,received,13,3
6,68,received,14,3
6,68,received,15,3
6,68,received,16,3
6,68,received,17,3
6,68,received,18,3
6,68,received,19,3
6,68,received,20,3
6,69,received,1,3
6,69,received,2,3
6,69,received,3,3
6,69,received,4,3
6,69,received,5,3
6,69,received,6,3
6,69,received,7,3
6,69,received,8,3
6,69,received,9,3
6,69,received,10,3
6,69,received,11,3
6,69,received,12,3
6,69,received,13,3
6,69,received,14,3
6,69,received,15,3
6,69,received,16,3
6,69,received,17,3
6,69,received,18,3
6,69,received,19,3
6,69,received,20,3
7,70,received,1,1
7,70,received,2,1
7,70,received,3,1
7,70,received,4,1
7,70,received,5,1
7,70,received,6,1
7,70,received,7,1
7,70,received,8,1
7,70,received,9,1
7,70,received,10,1
7,70,received,11,1
7,70,received,12,1
7,70,received,13,1
7,70,received,14,1
7,70,received,15,1
7,70,received,16,1
7,70,received,17,1
7,70,received,18,1
7,70,received,19,1
7,70,received,20,1
7,70,received,1,2
7,70,received,2,2
7,70,received,3,2
7,70,received,4,2
7,70,received,5,2
7,70,received,6,2
7,70,received,7,2
7,70,received,8,2
7,70,received,9,2
7,70,received,10,2
7,70,received,11,2
7,70,received,12,2
7,70,received,13,2
7,70,received,14,2
7,70,received,15,2
7,70,received,16,2
7,70,received,17,2
7,70,received,18,2
7,70,received,19,2
7,70,received,20,2
7,70,committee_selected,1,0
7,70,received,1,3
7,70,received,1,4
7,70,received,2,3
7,70,received,2,4
7,70,received,3,3
7,70,received,3,4
7,70,received,4,3
7,70,received,4,4
7,70,received,5,3
7,70,received,5,4
7,70,received,6,3
7,70,received,6,4
7,70,received,7,3
7,70,received,7,4
7,70,received,8,3
7,70,received,8,4
7,70,received,9,3
7,70,received,9,4
7,70,received,10,3
7,70,received,10,4
7,70,received,11,3
7,70,received,11,4
7,70,received,12,3
7,70,received,12,4
7,70,received,13,3
7,70,received,13,4
7,70,received,14,3
7,70,received,14,4
7,70,received,15,3
7,70,received,15,4
7,70,received,16,3
7,70,received,16,4
7,70,received,17,3
7,70,received,17,4
7,70,received,18,3
7,70,received,18,4
7,70,received,19,3
7,70,received,19,4
7,70,received,20,3
7,70,received,20,4
7,71,received,1,3
7,71,received,1,4
7,71,received,2,3
7,71,received,2,4
7,71,received,3,3
7,71,received,3,4
7,71,received,4,3
7,71,received,4,4
7,71,received,5,3
7,71,received,5,4
7,71,received,6,3
7,71,received,6,4
7,71,received,7,3
7,71,received,7,4
7,71,received,8,3
7,71,received,8,4
7,71,received,9,3
7,71,received,9,4
7,71,received,10,3
7,71,received,10,4
7,71,received,11,3
7,71,received,11,4
7,71,received,12,3
7,71,received,12,4
7,71,received,13,3
7,71,received,13,4
7,71,received,14,3
7,71,received,14,4
7,71,received,15,3
7,71,received,15,4
7,71,received,16,3
7,71,received,16,4
7,71,received,17,3
7,71,received,17,4
7,71,received,18,3
7,71,received,18,4
7,71,received,19,3
7,71,received,19,4
7,71,received,20,3
7,71,received,20,4
7,72,received,1,3
7,72,received,1,4
7,72,received,2,3
7,72,received,2,4
7,72,received,3,3
7,72,received,3,4
7,72,received,4,3
7,72,received,4,4
7,72,received,5,3
7,72,received,5,4
7,72,received,6,3
7,72,received,6,4
7,72,received,7,3
7,72,received,7,4
7,72,received,8,3
7,72,received,8,4
7,72,received,9,3
7,72,received,9,4
7,72,received,10,3
7,72,received,10,4
7,72,received,11,3
7,72,received,11,4
7,72,received,12,3
7,72,received,12,4
7,72,received,13,3
7,72,received,13,4
7,72,received,14,3
7,72,received,14,4
7,72,received,15,3
7,72,received,15,4
7,72,received,16,3
7,72,received,16,4
7,72,received,17,3
7,72,received,17,4
7,72,received,18,3
7,72,received,18,4
7,72,received,19,3
7,72,received,19,4
7,72,received,20,3
7,72,received,20,4
7,73,received,1,3
7,73,received,1,4
7,73,received,2,3
7,73,received,2,4
7,73,received,3,3
7,73,received,3,4
7,73,received,4,3
7,73,received,4,4
7,73,received,5,3
7,73,received,5,4
7,73,received,6,3
7,73,received,6,4
7,73,received,7,3
7,73,received,7,4
7,73,received,8,3
7,73,received,8,4
7,73,received,9,3
7,73,received,9,4
7,73,received,10,3
7,73,received,10,4
7,73,received,11,3
7,73,received,11,4
7,73,received,12,3
7,73,received,12,4
7,73,received,13,3
7,73,received,13,4
7,73,received,14,3
7,73,received,14,4
7,73,received,15,3
7,73,received,15,4
7,73,received,16,3
7,73,received,16,4
7,73,received,17,3
7,73,received,17,4
7,73,received,18,3
7,73,received,18,4
7,73,received,19,3
7,73,received,19,4
7,73,received,20,3
7,73,received,20,4
7,74,received,1,3
7,74,received,1,4
7,74,received,2,3
7,74,received,2,4
7,74,received,3,3
7,74,received,3,4
7,74,received,4,3
7,74,received,4,4
7,74,received,5,3
7,74,received,5,4
7,74,received,6,3
7,74,received,6,4
7,74,received,7,3
7,74,received,7,4
7,74,received,8,3
7,74,received,8,4
7,74,received,9,3
7,74,received,9,4
7,74,received,10,3
7,74,received,10,4
7,74,received,11,3
7,74,received,11,4
7,74,received,12,3
7,74,received,12,4
7,74,received,13,3
7,74,received,13,4
7,74,received,14,3
7,74,received,14,4
7,74,received,15,3
7,74,received,15,4
7,74,received,16,3
7,74,received,16,4
7,74,received,17,3
7,74,received,17,4
7,74,received,18,3
7,74,received,18,4
7,74,received,19,3
7,74,received,19,4
7,74,received,20,3
7,74,received,20,4
7,75,received,1,3
7,75,received,1,4
7,75,received,2,3
7,75,received,2,4
7,75,received,3,3
7,75,received,3,4
7,75,received,4,3
7,75,received,4,4
7,75,received,5,3
7,75,received,5,4
7,75,received,6,3
7,75,received,6,4
7,75,received,7,3
7,75,received,7,4
7,75,received,8,3
7,75,received,8,4
7,75,received,9,3
7,75,received,9,4
7,75,received,10,3
7,75,received,10,4
7,75,received,11,3
7,75,received,11,4
7,75,received,12,3
7,75,received,12,4
7,75,received,13,3
7,75,received,13,4
7,75,received,14,3
7,75,received,14,4
7,75,received,15,3
7,75,received,15,4
7,75,received,16,3
7,75,received,16,4
7,75,received,17,3
7,75,received,17,4
7,75,received,18,3
7,75,received,18,4
7,75,received,19,3
7,75,received,19,4
7,75,received,20,3
7,75,received,20,4
7,76,received,1,3
7,76,received,1,4
7,76,received,2,3
7,76,received,2,4
7,76,received,3,3
7,76,received,3,4
7,76,received,4,3
7,76,received,4,4
7,76,received,5,3
7,76,received,5,4
7,76,received,6,3
7,76,received,6,4
7,76,received,7,3
7,76,received,7,4
7,76,received,8,3
7,76,received,8,4
7,76,received,9,3
7,76,received,9,4
7,76,received,10,3
7,76,received,10,4
7,76,received,11,3
7,76,received,11,4
7,76,received,12,3
7,76,received,12,4
7,76,received,13,3
7,76,received,13,4
7,76,received,14,3
7,76,received,14,4
7,76,received,15,3
7,76,received,15,4
7,76,received,16,3
7,76,received,16,4
7,76,received,17,3
7,76,received,17,4
7,76,received,18,3
7,76,received,18,4
7,76,received,19,3
7,76,received,19,4
7,76,received,20,3
7,76,received,20,4
7,77,received,1,3
7,77,received,1,4
7,77,received,2,3
7,77,received,2,4
7,77,received,3,3
7,77,received,3,4
7,77,received,4,3
7,77,received,4,4
7,77,received,5,3
7,77,received,5,4
7,77,received,6,3
7,77,received,6,4
7,77,received,7,3
7,77,received,7,4
7,77,received,8,3
7,77,received,8,4
7,77,received,9,3
7,77,received,9,4
7,77,received,10,3
7,77,received,10,4
7,77,received,11,3
7,77,received,11,4
7,77,received,12,3
7,77,received,12,4
7,77,received,13,3
7,77,received,13,4
7,77,received,14,3
7,77,received,14,4
7,77,received,15,3
7,77,received,15,4
7,77,received,16,3
7,77,received,16,4
7,77,received,17,3
7,77,received,17,4
7,77,received,18,3
7,77,received,18,4
7,77,received,19,3
7,77,received,19,4
7,77,received,20,3
7,77,received,20,4
7,78,received,1,3
7,78,received,1,4
7,78,received,2,3
7,78,received,2,4
7,78,received,3,3
7,78,received,3,4
7,78,received,4,3
7,78,received,4,4
7,78,received,5,3
7,78,received,5,4
7,78,received,6,3
7,78,received,6,4
7,78,received,7,3
7,78,received,7,4
7,78,received,8,3
7,78,received,8,4
7,78,received,9,3
7,78,received,9,4
7,78,received,10,3
7,78,received,10,4
7,78,received,11,3
7,78,received,11,4
7,78,received,12,3
7,78,received,12,4
7,78,received,13,3
7,78,received,13,4
7,78,received,14,3
7,78,received,14,4
7,78,received,15,3
7,78,received,15,4
7,78,received,16,3
7,78,received,16,4
7,78,received,17,3
7,78,received,17,4
7,78,received,18,3
7,78,received,18,4
7,78,received,19,3
7,78,received,19,4
7,78,received,20,3
7,78,received,20,4
7,79,received,1,3
7,79,received,1,4
7,79,received,2,3
7,79,received,2,4
7,79,received,3,3
7,79,received,3,4
7,79,received,4,3
7,79,received,4,4
7,79,received,5,3
7,79,received,5,4
7,79,received,6,3
7,79,received,6,4
7,79,received,7,3
7,79,received,7,4
7,79,received,8,3
7,79,received,8,4
7,79,received,9,3
7,79,received,9,4
7,79,received,10,3
7,79,received,10,4
7,79,received,11,3
7,79,received,11,4
7,79,received,12,3
7,79,received,12,4
7,79,received,13,3
7,79,received,13,4
7,79,received,14,3
7,79,received,14,4
7,79,received,15,3
7,79,received,15,4
7,79,received,16,3
7,79,received,16,4
7,79,received,17,3
7,79,received,17,4
7,79,received,18,3
7,79,received,18,4
7,79,received,19,3
7,79,received,19,4
7,79,received,20,3
7,79,received,20,4
8,80,received,1,1
8,80,received,2,1
8,80,received,3,1
8,80,received,4,1
8,80,received,5,1
8,80,received,6,1
8,80,received,7,1
8,80,received,8,1
8,80,received,9,1
8,80,received,10,1
8,80,received,11,1
8,80,received,12,1
8,80,received,13,1
8,80,received,14,1
8,80,received,15,1
8,80,received,16,1
8,80,received,17,1
8,80,received,18,1
8,80,received,19,1
8,80,received,20,1
8,80,received,1,2
8,80,received,2,2
8,80,received,3,2
8,80,received,4,2
8,80,received,5,2
8,80,received,6,2
8,80,received,7,2
8,80,received,8,2
8,80,received,9,2
8,80,received,10,2
8,80,received,11,2
8,80,received,12,2
8,80,received,13,2
8,80,received,14,2
8,80,received,15,2
8,80,received,16,2
8,80,received,17,2
8,80,received,18,2
8,80,received,19,2
8,80,received,20,2
8,80,committee_selected,0,0
8,80,received,1,3
8,80,received,2,3
8,80,received,3,3
8,80,received,4,3
8,80,received,5,3
8,80,received,6,3
8,80,received,7,3
8,80,received,8,3
8,80,received,9,3
8,80,received,10,3
8,80,received,11,3
8,80,received,12,3
8,80,received,13,3
8,80,received,14,3
8,80,received,15,3
8,80,received,16,3
8,80,received,17,3
8,80,received,18,3
8,80,received,19,3
8,80,received,20,3
8,81,received,1,3
8,81,received,2,3
8,81,received,3,3
8,81,received,4,3
8,81,received,5,3
8,81,received,6,3
8,81,received,7,3
8,81,received,8,3
8,81,received,9,3
8,81,received,10,3
8,81,received,11,3
8,81,received,12,3
8,81,received,13,3
8,81,received,14,3
8,81,received,15,3
8,81,received,16,3
8,81,received,17,3
8,81,received,18,3
8,81,received,19,3
8,81,received,20,3
8,82,received,1,3
8,82,received,2,3
8,82,received,3,3
8,82,received,4,3
8,82,received,5,3
8,82,received,6,3
8,82,received,7,3
8,82,received,8,3
8,82,received,9,3
8,82,received,10,3
8,82,received,11,3
8,82,received,12,3
8,82,received,13,3
8,82,received,14,3
8,82,received,15,3
8,82,received,16,3
8,82,received,17,3
8,82,received,18,3
8,82,received,19,3
8,82,received,20,3
8,83,received,1,3
8,83,received,2,3
8,83,received,3,3
8,83,received,4,3
8,83,received,5,3
8,83,received,6,3
8,83,received,7,3
8,83,received,8,3
8,83,received,9,3
8,83,received,10,3
8,83,received,11,3
8,83,received,12,3
8,83,received,13,3
8,83,received,14,3
8,83,received,15,3
8,83,received,16,3
8,83,received,17,3
8,83,received,18,3
8,83,received,19,3
8,83,received,20,3
8,84,received,1,3
8,84,received,2,3
8,84,received,3,3
8,84,received,4,3
8,84,received,5,3
8,84,received,6,3
8,84,received,7,3
8,84,received,8,3
8,84,received,9,3
8,84,received,10,3
8,84,received,11,3
8,84,received,12,3
8,84,received,13,3
8,84,received,14,3
8,84,received,15,3
8,84,received,16,3
8,84,received,17,3
8,84,received,18,3
8,84,received,19,3
8,84,received,20,3
8,85,received,1,3
8,85,received,2,3
8,85,received,3,3
8,85,received,4,3
8,85,received,5,3
8,85,received,6,3
8,85,received,7,3
8,85,received,8,3
8,85,received,9,3
8,85,received,10,3
8,85,received,11,3
8,85,received,12,3
8,85,received,13,3
8,85,received,14,3
8,85,received,15,3
8,85,received,16,3
8,85,received,17,3
8,85,received,18,3
8,85,received,19,3
8,85,received,20,3
8,86,received,1,3
8,86,received,2,3
8,86,received,3,3
8,86,received,4,3
8,86,received,5,3
8,86,received,6,3
8,86,received,7,3
8,86,received,8,3
8,86,received,9,3
8,86,received,10,3
8,86,received,11,3
8,86,received,12,3
8,86,received,13,3
8,86,received,14,3
8,86,received,15,3
8,86,received,16,3
8,86,received,17,3
8,86,received,18,3
8,86,received,19,3
8,86,received,20,3
8,87,received,1,3
8,87,received,2,3
8,87,received,3,3
8,87,received,4,3
8,87,received,5,3
8,87,received,6,3
8,87,received,7,3
8,87,received,8,3
8,87,received,9,3
8,87,received,10,3
8,87,received,11,3
8,87,received,12,3
8,87,received,13,3
8,87,received,14,3
8,87,received,15,3
8,87,received,16,3
8,87,received,17,3
8,87,received,18,3
8,87,received,19,3
8,87,received,20,3
8,88,received,1,3
8,88,received,2,3
8,88,received,3,3
8,88,received,4,3
8,88,received,5,3
8,88,received,6,3
8,88,received,7,3
8,88,received,8,3
8,88,received,9,3
8,88,received,10,3
8,88,received,11,3
8,88,received,12,3
8,88,received,13,3
8,88,received,14,3
8,88,received,15,3
8,88,received,16,3
8,88,received,17,3
8,88,received,18,3
8,88,received,19,3
8,88,received,20,3
8,89,received,1,3
8,89,received,2,3
8,89,received,3,3
8,89,received,4,3
8,89,received,5,3
8,89,received,6,3
8,89,received,7,3
8,89,received,8,3
8,89,received,9,3
8,89,received,10,3
8,89,received,11,3
8,89,received,12,3
8,89,received,13,3
8,89,received,14,3
8,89,received,15,3
8,89,received,16,3
8,89,received,17,3
8,89,received,18,3
8,89,received,19,3
8,89,received,20,3
9,90,received,1,1
9,90,received,2,1
9,90,received,3,1
9,90,received,4,1
9,90,received,5,1
9,90,received,6,1
9,90,received,7,1
9,90,received,8,1
9,90,received,9,1
9,90,received,10,1
9,90,received,11,1
9,90,received,12,1
9,90,received,13,1
9,90,received,14,1
9,90,received,15,1
9,90,received,16,1
9,90,received,17,1
9,90,received,18,1
9,90,received,19,1
9,90,received,20,1
9,90,received,1,2
9,90,received,2,2
9,90,received,3,2
9,90,received,4,2
9,90,received,5,2
9,90,received,6,2
9,90,received,7,2
9,90,received,8,2
9,90,received,9,2
9,90,received,10,2
9,90,received,11,2
9,90,received,12,2
9,90,received,13,2
9,90,received,14,2
9,90,received,15,2
9,90,received,16,2
9,90,received,17,2
9,90,received,18,2
9,90,received,19,2
9,90,received,20,2
9,90,committee_selected,0,0
9,90,received,1,3
9,90,received,2,3
9,90,received,3,3
9,90,received,4,3
9,90,received,5,3
9,90,received,6,3
9,90,received,7,3
9,90,received,8,3
9,90,received,9,3
9,90,received,10,3
9,90,received,11,3
9,90,received,12,3
9,90,received,13,3
9,90,received,14,3
9,90,received,15,3
9,90,received,16,3
9,90,received,17,3
9,90,received,18,3
9,90,received,19,3
9,90,received,20,3
9,91,received,1,3
9,91,received,2,3
9,91,received,3,3
9,91,received,4,3
9,91,received,5,3
9,91,received,6,3
9,91,received,7,3
9,91,received,8,3
9,91,received,9,3
9,91,received,10,3
9,91,received,11,3
9,91,received,12,3
9,91,received,13,3
9,91,received,14,3
9,91,received,15,3
9,91,received,16,3
9,91,received,17,3
9,91,received,18,3
9,91,received,19,3
9,91,received,20,3
9,92,received,1,3
9,92,received,2,3
9,92,received,3,3
9,92,received,4,3
9,92,received,5,3
9,92,received,6,3
9,92,received,7,3
9,92,received,8,3
9,92,received,9,3
9,92,received,10,3
9,92,received,11,3
9,92,received,12,3
9,92,received,13,3
9,92,received,14,3
9,92,received,15,3
9,92,received,16,3
9,92,received,17,3
9,92,received,18,3
9,92,received,19,3
9,92,received,20,3
9,93,received,1,3
9,93,received,2,3
9,93,received,3,3
9,93,received,4,3
9,93,received,5,3
9,93,received,6,3
9,93,received,7,3
9,93,received,8,3
9,93,received,9,3
9,93,received,10,3
9,93,received,11,3
9,93,received,12,3
9,93,received,13,3
9,93,received,14,3
9,93,received,15,3
9,93,received,16,3
9,93,received,17,3
9,93,received,18,3
9,93,received,19,3
9,93,received,20,3
9,94,received,1,3
9,94,received,2,3
9,94,received,3,3
9,94,received,4,3
9,94,received,5,3
9,94,received,6,3
9,94,received,7,3
9,94,received,8,3
9,94,received,9,3
9,94,received,10,3
9,94,received,11,3
9,94,received,12,3
9,94,received,13,3
9,94,received,14,3
9,94,received,15,3
9,94,received,16,3
9,94,received,17,3
9,94,received,18,3
9,94,received,19,3
9,94,received,20,3
9,95,received,1,3
9,95,received,2,3
9,95,received,3,3
9,95,received,4,3
9,95,received,5,3
9,95,received,6,3
9,95,received,7,3
9,95,received,8,3
9,95,received,9,3
9,95,received,10,3
9,95,received,11,3
9,95,received,12,3
9,95,received,13,3
9,95,received,14,3
9,95,received,15,3
9,95,received,16,3
9,95,received,17,3
9,95,received,18,3
9,95,received,19,3
9,95,received,20,3
9,96,received,1,3
9,96,received,2,3
9,96,received,3,3
9,96,received,4,3
9,96,received,5,3
9,96,received,6,3
9,96,received,7,3
9,96,received,8,3
9,96,received,9,3
9,96,received,10,3
9,96,received,11,3
9,96,received,12,3
9,96,received,13,3
9,96,received,14,3
9,96,received,15,3
9,96,received,16,3
9,96,received,17,3
9,96,received,18,3
9,96,received,19,3
9,96,received,20,3
9,97,received,1,3
9,97,received,2,3
9,97,received,3,3
9,97,received,4,3
9,97,received,5,3
9,97,received,6,3
9,97,received,7,3
9,97,received,8,3
9,97,received,9,3
9,97,received,10,3
9,97,received,11,3
9,97,received,12,3
9,97,received,13,3
9,97,received,14,3
9,97,received,15,3
9,97,received,16,3
9,97,received,17,3
9,97,received,18,3
9,97,received,19,3
9,97,received,20,3
9,98,received,1,3
9,98,received,2,3
9,98,received,3,3
9,98,received,4,3
9,98,received,5,3
9,98,received,6,3
9,98,received,7,3
9,98,received,8,3
9,98,received,9,3
9,98,received,10,3
9,98,received,11,3
9,98,received,12,3
9,98,received,13,3
9,98,received,14,3
9,98,received,15,3
9,98,received,16,3
9,98,received,17,3
9,98,received,18,3
9,98,received,19,3
9,98,received,20,3
9,99,received,1,3
9,99,received,2,3
9,99,received,3,3
9,99,received,4,3
9,99,received,5,3
9,99,received,6,3
9,99,received,7,3
9,99,received,8,3
9,99,received,9,3
9,99,received,10,3
9,99,received,11,3
9,99,received,12,3
9,99,received,13,3
9,99,received,14,3
9,99,received,15,3
9,99,received,16,3
9,99,received,17,3
9,99,received,18,3
9,99,received,19,3
9,99,received,20,3
10,100,received,1,1
10,100,received,2,1
10,100,received,3,1
10,100,received,4,1
10,100,received,5,1
10,100,received,6,1
10,100,received,7,1
10,100,received,8,1
10,100,received,9,1
10,100,received,10,1
10,100,received,11,1
10,100,received,12,1
10,100,received,13,1
10,100,received,14,1
10,100,received,15,1
10,100,received,16,1
10,100,received,17,1
10,100,received,18,1
10,100,received,19,1
10,100,received,20,1
10,100,received,1,2
10,100,received,2,2
10,100,received,3,2
10,100,received,4,2
10,100,received,5,2
10,100,received,6,2
10,100,received,7,2
10,100,received,8,2
10,100,received,9,2
10,100,received,10,2
10,100,received,11,2
10,100,received,12,2
10,100,received,13,2
10,100,received,14,2
10,100,received,15,2
10,100,received,16,2
10,100,received,17,2
10,100,received,18,2
10,100,received,19,2
10,100,received,20,2
10,100,committee_selected,0,0
10,100,received,1,3
10,100,received,2,3
10,100,received,3,3
10,100,received,4,3
10,100,received,5,3
10,100,received,6,3
10,100,received,7,3
10,100,received,8,3
10,100,received,9,3
10,100,received,10,3
10,100,received,11,3
10,100,received,12,3
10,100,received,13,3
10,100,received,14,3
10,100,received,15,3
10,100,received,16,3
10,100,received,17,3
10,100,received,18,3
10,100,received,19,3
10,100,received,20,3
10,101,received,1,3
10,101,received,2,3
10,101,received,3,3
10,101,received,4,3
10,101,received,5,3
10,101,received,6,3
10,101,received,7,3
10,101,received,8,3
10,101,received,9,3
10,101,received,10,3
10,101,received,11,3
10,101,received,12,3
10,101,received,13,3
10,101,received,14,3
10,101,received,15,3
10,101,received,16,3
10,101,received,17,3
10,101,received,18,3
10,101,received,19,3
10,101,received,20,3
10,102,received,1,3
10,102,received,2,3
10,102,received,3,3
10,102,received,4,3
10,102,received,5,3
10,102,received,6,3
10,102,received,7,3
10,102,received,8,3
10,102,received,9,3
10,102,received,10,3
10,102,received,11,3
10,102,received,12,3
10,102,received,13,3
10,102,received,14,3
10,102,received,15,3
10,102,received,16,3
10,102,received,17,3
10,102,received,18,3
10,102,received,19,3
10,102,received,20,3
10,103,received,1,3
10,103,received,2,3
10,103,received,3,3
10,103,received,4,3
10,103,received,5,3
10,103,received,6,3
10,103,received,7,3
10,103,received,8,3
10,103,received,9,3
10,103,received,10,3
10,103,received,11,3
10,103,received,12,3
10,103,received,13,3
10,103,received,14,3
10,103,received,15,3
10,103,received,16,3
10,103,received,17,3
10,103,received,18,3
10,103,received,19,3
10,103,received,20,3
10,104,received,1,3
10,104,received,2,3
10,104,received,3,3
10,104,received,4,3
10,104,received,5,3
10,104,received,6,3
10,104,received,7,3
10,104,received,8,3
10,104,received,9,3
10,104,received,10,3
10,104,received,11,3
10,104,received,12,3
10,104,received,13,3
10,104,received,14,3
10,104,received,15,3
10,104,received,16,3
10,104,received,17,3
10,104,received,18,3
10,104,received,19,3
10,104,received,20,3
10,105,received,1,3
10,105,received,2,3
10,105,received,3,3
10,105,received,4,3
10,105,received,5,3
10,105,received,6,3
10,105,received,7,3
10,105,received,8,3
10,105,received,9,3
10,105,received,10,3
10,105,received,11,3
10,105,received,12,3
10,105,received,13,3
10,105,received,14,3
10,105,received,15,3
10,105,received,16,3
10,105,received,17,3
10,105,received,18,3
10,105,received,19,3
10,105,received,20,3
10,106,received,1,3
10,106,received,2,3
10,106,received,3,3
10,106,received,4,3
10,106,received,5,3
10,106,received,6,3
10,106,received,7,3
10,106,received,8,3
10,106,received,9,3
10,106,received,10,3
10,106,received,11,3
10,106,received,12,3
10,106,received,13,3
10,106,received,14,3
10,106,received,15,3
10,106,received,16,3
10,106,received,17,3
10,106,received,18,3
10,106,received,19,3
10,106,received,20,3
10,107,received,1,3
10,107,received,2,3
10,107,received,3,3
10,107,received,4,3
10,107,received,5,3
10,107,received,6,3
10,107,received,7,3
10,107,received,8,3
10,107,received,9,3
10,107,received,10,3
10,107,received,11,3
10,107,received,12,3
10,107,received,13,3
10,107,received,14,3
10,107,received,15,3
10,107,received,16,3
10,107,received,17,3
10,107,received,18,3
10,107,received,19,3
10,107,received,20,3
10,108,received,1,3
10,108,received,2,3
10,108,received,3,3
10,108,received,4,3
10,108,received,5,3
10,108,received,6,3
10,108,received,7,3
10,108,received,8,3
10,108,received,9,3
10,108,received,10,3
10,108,received,11,3
10,108,received,12,3
10,108,received,13,3
10,108,received,14,3
10,108,received,15,3
10,108,received,16,3
10,108,received,17,3
10,108,received,18,3
10,108,received,19,3
10,108,received,20,3
10,109,received,1,3
10,109,received,2,3
10,109,received,3,3
10,109,received,4,3
10,109,received,5,3
10,109,received,6,3
10,109,received,7,3
10,109,received,8,3
10,109,received,9,3
10,109,received,10,3
10,109,received,11,3
10,109,received,12,3
10,109,received,13,3
10,109,received,14,3
10,109,received,15,3
10,109,received,16,3
10,109,received,17,3
10,109,received,18,3
10,109,received,19,3
10,109,received,20,3
11,110,received,1,1
11,110,received,2,1
11,110,received,3,1
11,110,received,4,1
11,110,received,5,1
11,110,received,6,1
11,110,received,7,1
11,110,received,8,1
11,110,received,9,1
11,110,received,10,1
11,110,received,11,1
11,110,received,12,1
11,110,received,13,1
11,110,received,14,1
11,110,received,15,1
11,110,received,16,1
11,110,received,17,1
11,110,received,18,1
11,110,received,19,1
11,110,received,20,1
11,110,received,1,2
11,110,received,2,2
11,110,received,3,2
11,110,received,4,2
11,110,received,5,2
11,110,received,6,2
11,110,received,7,2
11,110,received,8,2
11,110,received,9,2
11,110,received,10,2
11,110,received,11,2
11,110,received,12,2
11,110,received,13,2
11,110,received,14,2
11,110,received,15,2
11,110,received,16,2
11,110,received,17,2
11,110,received,18,2
11,110,received,19,2
11,110,received,20,2
11,110,committee_selected,0,0
11,110,received,1,3
11,110,received,2,3
11,110,received,3,3
11,110,received,4,3
11,110,received,5,3
11,110,received,6,3
11,110,received,7,3
11,110,received,8,3
11,110,received,9,3
11,110,received,10,3
11,110,received,11,3
11,110,received,12,3
11,110,received,13,3
11,110,received,14,3
11,110,received,15,3
11,110,received,16,3
11,110,received,17,3
11,110,received,18,3
11,110,received,19,3
11,110,received,20,3
11,111,received,1,3
11,111,received,2,3
11,111,received,3,3
11,111,received,4,3
11,111,received,5,3
11,111,received,6,3
11,111,received,7,3
11,111,received,8,3
11,111,received,9,3
11,111,received,10,3
11,111,received,11,3
11,111,received,12,3
11,111,received,13,3
11,111,received,14,3
11,111,received,15,3
11,111,received,16,3
11,111,received,17,3
11,111,received,18,3
11,111,received,19,3
11,111,received,20,3
11,112,received,1,3
11,112,received,2,3
11,112,received,3,3
11,112,received,4,3
11,112,received,5,3
11,112,received,6,3
11,112,received,7,3
11,112,received,8,3
11,112,received,9,3
11,112,received,10,3
11,112,received,11,3
11,112,received,12,3
11,112,received,13,3
11,112,received,14,3
11,112,received,15,3
11,112,received,16,3
11,112,received,17,3
11,112,received,18,3
11,112,received,19,3
11,112,received,20,3
11,113,received,1,3
11,113,received,2,3
11,113,received,3,3
11,113,received,4,3
11,113,received,5,3
11,113,received,6,3
11,113,received,7,3
11,113,received,8,3
11,113,received,9,3
11,113,received,10,3
11,113,received,11,3
11,113,received,12,3
11,113,received,13,3
11,113,received,14,3
11,113,received,15,3
11,113,received,16,3
11,113,received,17,3
11,113,received,18,3
11,113,received,19,3
11,113,received,20,3
11,114,received,1,3
11,114,received,2,3
11,114,received,3,3
11,114,received,4,3
11,114,received,5,3
11,114,received,6,3
11,114,received,7,3
11,114,received,8,3
11,114,received,9,3
11,114,received,10,3
11,114,received,11,3
11,114,received,12,3
11,114,received,13,3
11,114,received,14,3
11,114,received,15,3
11,114,received,16,3
11,114,received,17,3
11,114,received,18,3
11,114,received,19,3
11,114,received,20,3
11,115,received,1,3
11,115,received,2,3
11,115,received,3,3
11,115,received,4,3
11,115,received,5,3
11,115,received,6,3
11,115,received,7,3
11,115,received,8,3
11,115,received,9,3
11,115,received,10,3
11,115,received,11,3
11,115,received,12,3
11,115,received,13,3
11,115,received,14,3
11,115,received,15,3
11,115,received,16,3
11,115,received,17,3
11,115,received,18,3
11,115,received,19,3
11,115,received,20,3
11,116,received,1,3
11,116,received,2,3
11,116,received,3,3
11,116,received,4,3
11,116,received,5,3
11,116,received,6,3
11,116,received,7,3
11,116,received,8,3
11,116,received,9,3
11,116,received,10,3
11,116,received,11,3
11,116,received,12,3
11,116,received,13,3
11,116,received,14,3
11,116,received,15,3
11,116,received,16,3
11,116,received,17,3
11,116,received,18,3
11,116,received,19,3
11,116,received,20,3
11,117,received,1,3
11,117,received,2,3
11,117,received,3,3
11,117,received,4,3
11,117,received,5,3
11,117,received,6,3
11,117,received,7,3
11,117,received,8,3
11,117,received,9,3
11,117,received,10,3
11,117,received,11,3
11,117,received,12,3
11,117,received,13,3
11,117,received,14,3
11,117,received,15,3
11,117,received,16,3
11,117,received,17,3
11,117,received,18,3
11,117,received,19,3
11,117,received,20,3
11,118,received,1,3
11,118,received,2,3
11,118,received,3,3
11,118,received,4,3
11,118,received,5,3
11,118,received,6,3
11,118,received,7,3
11,118,received,8,3
11,118,received,9,3
11,118,received,10,3
11,118,received,11,3
11,118,received,12,3
11,118,received,13,3
11,118,received,14,3
11,118,received,15,3
11,118,received,16,3
11,118,received,17,3
11,118,received,18,3
11,118,received,19,3
11,118,received,20,3
11,119,received,1,3
11,119,received,2,3
11,119,received,3,3
11,119,received,4,3
11,119,received,5,3
11,119,received,6,3
11,119,received,7,3
11,119,received,8,3
11,119,received,9,3
11,119,received,10,3
11,119,received,11,3
11,119,received,12,3
11,119,received,13,3
11,119,received,14,3
11,119,received,15,3
11,119,received,16,3
11,119,received,17,3
11,119,received,18,3
11,119,received,19,3
11,119,received,20,3
12,120,received,1,1
12,120,received,2,1
12,120,received,3,1
12,120,received,4,1
12,120,received,5,1
12,120,received,6,1
12,120,received,7,1
12,120,received,8,1
12,120,received,9,1
12,120,received,10,1
12,120,received,11,1
12,120,received,12,1
12,120,received,13,1
12,120,received,14,1
12,120,received,15,1
12,120,received,16,1
12,120,received,17,1
12,120,received,18,1
12,120,received,19,1
12,120,received,20,1
12,120,received,1,2
12,120,received,2,2
12,120,received,3,2
12,120,received,4,2
12,120,received,5,2
12,120,received,6,2
12,120,received,7,2
12,120,received,8,2
12,120,received,9,2
12,120,received,10,2
12,120,received,11,2
12,120,received,12,2
12,120,received,13,2
12,120,received,14,2
12,120,received,15,2
12,120,received,16,2
12,120,received,17,2
12,120,received,18,2
12,120,received,19,2
12,120,received,20,2
12,120,committee_selected,0,0
12,120,received,1,3
12,120,received,2,3
12,120,received,3,3
12,120,received,4,3
12,120,received,5,3
12,120,received,6,3
12,120,received,7,3
12,120,received,8,3
12,120,received,9,3
12,120,received,10,3
12,120,received,11,3
12,120,received,12,3
12,120,received,13,3
12,120,received,14,3
12,120,received,15,3
12,120,received,16,3
12,120,received,17,3
12,120,received,18,3
12,120,received,19,3
12,120,received,20,3
12,121,received,1,3
12,121,received,2,3
12,121,received,3,3
12,121,received,4,3
12,121,received,5,3
12,121,received,6,3
12,121,received,7,3
12,121,received,8,3
12,121,received,9,3
12,121,received,10,3
12,121,received,11,3
12,121,received,12,3
12,121,received,13,3
12,121,received,14,3
12,121,received,15,3
12,121,received,16,3
12,121,received,17,3
12,121,received,18,3
12,121,received,19,3
12,121,received,20,3
12,122,received,1,3
12,122,received,2,3
12,122,received,3,3
12,122,received,4,3
12,122,received,5,3
12,122,received,6,3
12,122,received,7,3
12,122,received,8,3
12,122,received,9,3
12,122,received,10,3
12,122,received,11,3
12,122,received,12,3
12,122,received,13,3
12,122,received,14,3
12,122,received,15,3
12,122,received,16,3
12,122,received,17,3
12,122,received,18,3
12,122,received,19,3
12,122,received,20,3
12,123,received,1,3
12,123,received,2,3
12,123,received,3,3
12,123,received,4,3
12,123,received,5,3
12,123,received,6,3
12,123,received,7,3
12,123,received,8,3
12,123,received,9,3
12,123,received,10,3
12,123,received,11,3
12,123,received,12,3
12,123,received,13,3
12,123,received,14,3
12,123,received,15,3
12,123,received,16,3
12,123,received,17,3
12,123,received,18,3
12,123,received,19,3
12,123,received,20,3
12,124,received,1,3
12,124,received,2,3
12,124,received,3,3
12,124,received,4,3
12,124,received,5,3
12,124,received,6,3
12,124,received,7,3
12,124,received,8,3
12,124,received,9,3
12,124,received,10,3
12,124,received,11,3
12,124,received,12,3
12,124,received,13,3
12,124,received,14,3
12,124,received,15,3
12,124,received,16,3
12,124,received,17,3
12,124,received,18,3
12,124,received,19,3
12,124,received,20,3
12,125,received,1,3
12,125,received,2,3
12,125,received,3,3
12,125,received,4,3
12,125,received,5,3
12,125,received,6,3
12,125,received,7,3
12,125,received,8,3
12,125,received,9,3
12,125,received,10,3
12,125,received,11,3
12,125,received,12,3
12,125,received,13,3
12,125,received,14,3
12,125,received,15,3
12,125,received,16,3
12,125,received,17,3
12,125,received,18,3
12,125,received,19,3
12,125,received,20,3
12,126,received,1,3
12,126,received,2,3
12,126,received,3,3
12,126,received,4,3
12,126,received,5,3
12,126,received,6,3
12,126,received,7,3
12,126,received,8,3
12,126,received,9,3
12,126,received,10,3
12,126,received,11,3
12,126,received,12,3
12,126,received,13,3
12,126,received,14,3
12,126,received,15,3
12,126,received,16,3
12,126,received,17,3
12,126,received,18,3
12,126,received,19,3
12,126,received,20,3
12,127,received,1,3
12,127,received,2,3
12,127,received,3,3
12,127,received,4,3
12,127,received,5,3
12,127,received,6,3
12,127,received,7,3
12,127,received,8,3
12,127,received,9,3
12,127,received,10,3
12,127,received,11,3
12,127,received,12,3
12,127,received,13,3
12,127,received,14,3
12,127,received,15,3
12,127,received,16,3
12,127,received,17,3
12,127,received,18,3
12,127,received,19,3
12,127,received,20,3
12,128,received,1,3
12,128,received,2,3
12,128,received,3,3
12,128,received,4,3
12,128,received,5,3
12,128,received,6,3
12,128,received,7,3
12,128,received,8,3
12,128,received,9,3
12,128,received,10,3
12,128,received,11,3
12,128,received,12,3
12,128,received,13,3
12,128,received,14,3
12,128,received,15,3
12,128,received,16,3
12,128,received,17,3
12,128,received,18,3
12,128,received,19,3
12,128,received,20,3
12,129,received,1,3
12,129,received,2,3
12,129,received,3,3
12,129,received,4,3
12,129,received,5,3
12,129,received,6,3
12,129,received,7,3
12,129,received,8,3
12,129,received,9,3
12,129,received,10,3
12,129,received,11,3
12,129,received,12,3
12,129,received,13,3
12,129,received,14,3
12,129,received,15,3
12,129,received,16,3
12,129,received,17,3
12,129,received,18,3
12,129,received,19,3
12,129,received,20,3
13,130,received,1,1
13,130,received,2,1
13,130,received,3,1
13,130,received,4,1
13,130,received,5,1
13,130,received,6,1
13,130,received,7,1
13,130,received,8,1
13,130,received,9,1
13,130,received,10,1
13,130,received,11,1
13,130,received,12,1
13,130,received,13,1
13,130,received,14,1
13,130,received,15,1
13,130,received,16,1
13,130,received,17,1
13,130,received,18,1
13,130,received,19,1
13,130,received,20,1
13,130,received,1,2
13,130,received,2,2
13,130,received,3,2
13,130,received,4,2
13,130,received,5,2
13,130,received,6,2
13,130,received,7,2
13,130,received,8,2
13,130,received,9,2
13,130,received,10,2
13,130,received,11,2
13,130,received,12,2
13,130,received,13,2
13,130,received,14,2
13,130,received,15,2
13,130,received,16,2
13,130,received,17,2
13,130,received,18,2
13,130,received,19,2
13,130,received,20,2
13,130,committee_selected,0,0
13,130,received,1,3
13,130,received,2,3
13,130,received,3,3
13,130,received,4,3
13,130,received,5,3
13,130,received,6,3
13,130,received,7,3
13,130,received,8,3
13,130,received,9,3
13,130,received,10,3
13,130,received,11,3
13,130,received,12,3
13,130,received,13,3
13,130,received,14,3
13,130,received,15,3
13,130,received,16,3
13,130,received,17,3
13,130,received,18,3
13,130,received,19,3
13,130,received,20,3
13,131,received,1,3
13,131,received,2,3
13,131,received,3,3
13,131,received,4,3
13,131,received,5,3
13,131,received,6,3
13,131,received,7,3
13,131,received,8,3
13,131,received,9,3
13,131,received,10,3
13,131,received,11,3
13,131,received,12,3
13,131,received,13,3
13,131,received,14,3
13,131,received,15,3
13,131,received,16,3
13,131,received,17,3
13,131,received,18,3
13,131,received,19,3
13,131,received,20,3
13,132,received,1,3
13,132,received,2,3
13,132,received,3,3
13,132,received,4,3
13,132,received,5,3
13,132,received,6,3
13,132,received,7,3
13,132,received,8,3
13,132,received,9,3
13,132,received,10,3
13,132,received,11,3
13,132,received,12,3
13,132,received,13,3
13,132,received,14,3
13,132,received,15,3
13,132,received,16,3
13,132,received,17,3
13,132,received,18,3
13,132,received,19,3
13,132,received,20,3
13,133,received,1,3
13,133,received,2,3
13,133,received,3,3
13,133,received,4,3
13,133,received,5,3
13,133,received,6,3
13,133,received,7,3
13,133,received,8,3
13,133,received,9,3
13,133,received,10,3
13,133,received,11,3
13,133,received,12,3
13,133,received,13,3
13,133,received,14,3
13,133,received,15,3
13,133,received,16,3
13,133,received,17,3
13,133,received,18,3
13,133,received,19,3
13,133,received,20,3
13,134,received,1,3
13,134,received,2,3
13,134,received,3,3
13,134,received,4,3
13,134,received,5,3
13,134,received,6,3
13,134,received,7,3
13,134,received,8,3
13,134,received,9,3
13,134,received,10,3
13,134,received,11,3
13,134,received,12,3
13,134,received,13,3
13,134,received,14,3
13,134,received,15,3
13,134,received,16,3
13,134,received,17,3
13,134,received,18,3
13,134,received,19,3
13,134,received,20,3
13,135,received,1,3
13,135,received,2,3
13,135,received,3,3
13,135,received,4,3
13,135,received,5,3
13,135,received,6,3
13,135,received,7,3
13,135,received,8,3
13,135,received,9,3
13,135,received,10,3
13,135,received,11,3
13,135,received,12,3
13,135,received,13,3
13,135,received,14,3
13,135,received,15,3
13,135,received,16,3
13,135,received,17,3
13,135,received,18,3
13,135,received,19,3
13,135,received,20,3
13,136,received,1,3
13,136,received,2,3
13,136,received,3,3
13,136,received,4,3
13,136,received,5,3
13,136,received,6,3
13,136,received,7,3
13,136,received,8,3
13,136,received,9,3
13,136,received,10,3
13,136,received,11,3
13,136,received,12,3
13,136,received,13,3
13,136,received,14,3
13,136,received,15,3
13,136,received,16,3
13,136,received,17,3
13,136,received,18,3
13,136,received,19,3
13,136,received,20,3
13,137,received,1,3
13,137,received,2,3
13,137,received,3,3
13,137,received,4,3
13,137,received,5,3
13,137,received,6,3
13,137,received,7,3
13,137,received,8,3
13,137,received,9,3
13,137,received,10,3
13,137,received,11,3
13,137,received,12,3
13,137,received,13,3
13,137,received,14,3
13,137,received,15,3
13,137,received,16,3
13,137,received,17,3
13,137,received,18,3
13,137,received,19,3
13,137,received,20,3
13,138,received,1,3
13,138,received,2,3
13,138,received,3,3
13,138,received,4,3
13,138,received,5,3
13,138,received,6,3
13,138,received,7,3
13,138,received,8,3
13,138,received,9,3
13,138,received,10,3
13,138,received,11,3
13,138,received,12,3
13,138,received,13,3
13,138,received,14,3
13,138,received,15,3
13,138,received,16,3
13,138,received,17,3
13,138,received,18,3
13,138,received,19,3
13,138,received,20,3
13,139,received,1,3
13,139,received,2,3
13,139,received,3,3
13,139,received,4,3
13,139,received,5,3
13,139,received,6,3
13,139,received,7,3
13,139,received,8,3
13,139,received,9,3
13,139,received,10,3
13,139,received,11,3
13,139,received,12,3
13,139,received,13,3
13,139,received,14,3
13,139,received,15,3
13,139,received,16,3
13,139,received,17,3
13,139,received,18,3
13,139,received,19,3
13,139,received,20,3
14,140,received,1,1
14,140,received,2,1
14,140,received,3,1
14,140,received,4,1
14,140,received,5,1
14,140,received,6,1
14,140,received,7,1
14,140,received,8,1
14,140,received,9,1
14,140,received,10,1
14,140,received,11,1
14,140,received,12,1
14,140,received,13,1
14,140,received,14,1
14,140,received,15,1
14,140,received,16,1
14,140,received,17,1
14,140,received,18,1
14,140,received,19,1
14,140,received,20,1
14,140,received,1,2
14,140,received,2,2
14,140,received,3,2
14,140,received,4,2
14,140,received,5,2
14,140,received,6,2
14,140,received,7,2
14,140,received,8,2
14,140,received,9,2
14,140,received,10,2
14,140,received,11,2
14,140,received,12,2
14,140,received,13,2
14,140,received,14,2
14,140,received,15,2
14,140,received,16,2
14,140,received,17,2
14,140,received,18,2
14,140,received,19,2
14,140,received,20,2
14,140,committee_selected,1,0
14,140,received,1,3
14,140,received,1,4
14,140,received,2,3
14,140,received,2,4
14,140,received,3,3
14,140,received,3,4
14,140,received,4,3
14,140,received,4,4
14,140,received,5,3
14,140,received,5,4
14,140,received,6,3
14,140,received,6,4
14,140,received,7,3
14,140,received,7,4
14,140,received,8,3
14,140,received,8,4
14,140,received,9,3
14,140,received,9,4
14,140,received,10,3
14,140,received,10,4
14,140,received,11,3
14,140,received,11,4
14,140,received,12,3
14,140,received,12,4
14,140,received,13,3
14,140,received,13,4
14,140,received,14,3
14,140,received,14,4
14,140,received,15,3
14,140,received,15,4
14,140,received,16,3
14,140,received,16,4
14,140,received,17,3
14,140,received,17,4
14,140,received,18,3
14,140,received,18,4
14,140,received,19,3
14,140,received,19,4
14,140,received,20,3
14,140,received,20,4
14,141,received,1,3
14,141,received,1,4
14,141,received,2,3
14,141,received,2,4
14,141,received,3,3
14,141,received,3,4
14,141,received,4,3
14,141,received,4,4
14,141,received,5,3
14,141,received,5,4
14,141,received,6,3
14,141,received,6,4
14,141,received,7,3
14,141,received,7,4
14,141,received,8,3
14,141,received,8,4
14,141,received,9,3
14,141,received,9,4
14,141,received,10,3
14,141,received,10,4
14,141,received,11,3
14,141,received,11,4
14,141,received,12,3
14,141,received,12,4
14,141,received,13,3
14,141,received,13,4
14,141,received,14,3
14,141,received,14,4
14,141,received,15,3
14,141,received,15,4
14,141,received,16,3
14,141,received,16,4
14,141,received,17,3
14,141,received,17,4
14,141,received,18,3
14,141,received,18,4
14,141,received,19,3
14,141,received,19,4
14,141,received,20,3
14,141,received,20,4
14,142,received,1,3
14,142,received,1,4
14,142,received,2,3
14,142,received,2,4
14,142,received,3,3
14,142,received,3,4
14,142,received,4,3
14,142,received,4,4
14,142,received,5,3
14,142,received,5,4
14,142,received,6,3
14,142,received,6,4
14,142,received,7,3
14,142,received,7,4
14,142,received,8,3
14,142,received,8,4
14,142,received,9,3
14,142,received,9,4
14,142,received,10,3
14,142,received,10,4
14,142,received,11,3
14,142,received,11,4
14,142,received,12,3
14,142,received,12,4
14,142,received,13,3
14,142,received,13,4
14,142,received,14,3
14,142,received,14,4
14,142,received,15,3
14,142,received,15,4
14,142,received,16,3
14,142,received,16,4
14,142,received,17,3
14,142,received,17,4
14,142,received,18,3
14,142,received,18,4
14,142,received,19,3
14,142,received,19,4
14,142,received,20,3
14,142,received,20,4
14,143,received,1,3
14,143,received,1,4
14,143,received,2,3
14,143,received,2,4
14,143,received,3,3
14,143,received,3,4
14,143,received,4,3
14,143,received,4,4
14,143,received,5,3
14,143,received,5,4
14,143,received,6,3
14,143,received,6,4
14,143,received,7,3
14,143,received,7,4
14,143,received,8,3
14,143,received,8,4
14,143,received,9,3
14,143,received,9,4
14,143,received,10,3
14,143,received,10,4
14,143,received,11,3
14,143,received,11,4
14,143,received,12,3
14,143,received,12,4
14,143,received,13,3
14,143,received,13,4
14,143,received,14,3
14,143,received,14,4
14,143,received,15,3
14,143,received,15,4
14,143,received,16,3
14,143,received,16,4
14,143,received,17,3
14,143,received,17,4
14,143,received,18,3
14,143,received,18,4
14,143,received,19,3
14,143,received,19,4
14,143,received,20,3
14,143,received,20,4
14,144,received,1,3
14,144,received,1,4
14,144,received,2,3
14,144,received,2,4
14,144,received,3,3
14,144,received,3,4
14,144,received,4,3
14,144,received,4,4
14,144,received,5,3
14,144,received,5,4
14,144,received,6,3
14,144,received,6,4
14,144,received,7,3
14,144,received,7,4
14,144,received,8,3
14,144,received,8,4
14,144,received,9,3
14,144,received,9,4
14,144,received,10,3
14,144,received,10,4
14,144,received,11,3
14,144,received,11,4
14,144,received,12,3
14,144,received,12,4
14,144,received,13,3
14,144,received,13,4
14,144,received,14,3
14,144,received,14,4
14,144,received,15,3
14,144,received,15,4
14,144,received,16,3
14,144,received,16,4
14,144,received,17,3
14,144,received,17,4
14,144,received,18,3
14,144,received,18,4
14,144,received,19,3
14,144,received,19,4
14,144,received,20,3
14,144,received,20,4
14,145,received,1,3
14,145,received,1,4
14,145,received,2,3
14,145,received,2,4
14,145,received,3,3
14,145,received,3,4
14,145,received,4,3
14,145,received,4,4
14,145,received,5,3
14,145,received,5,4
14,145,received,6,3
14,145,received,6,4
14,145,received,7,3
14,145,received,7,4
14,145,received,8,3
14,145,received,8,4
14,145,received,9,3
14,145,received,9,4
14,145,received,10,3
14,145,received,10,4
14,145,received,11,3
14,145,received,11,4
14,145,received,12,3
14,145,received,12,4
14,145,received,13,3
14,145,received,13,4
14,145,received,14,3
14,145,received,14,4
14,145,received,15,3
14,145,received,15,4
14,145,received,16,3
14,145,received,16,4
14,145,received,17,3
14,145,received,17,4
14,145,received,18,3
14,145,received,18,4
14,145,received,19,3
14,145,received,19,4
14,145,received,20,3
14,145,received,20,4
14,146,received,1,3
14,146,received,1,4
14,146,received,2,3
14,146,received,2,4
14,146,received,3,3
14,146,received,3,4
14,146,received,4,3
14,146,received,4,4
14,146,received,5,3
14,146,received,5,4
14,146,received,6,3
14,146,received,6,4
14,146,received,7,3
14,146,received,7,4
14,146,received,8,3
14,146,received,8,4
14,146,received,9,3
14,146,received,9,4
14,146,received,10,3
14,146,received,10,4
14,146,received,11,3
14,146,received,11,4
14,146,received,12,3
14,146,received,12,4
14,146,received,13,3
14,146,received,13,4
14,146,received,14,3
14,146,received,14,4
14,146,received,15,3
14,146,received,15,4
14,146,received,16,3
14,146,received,16,4
14,146,received,17,3
14,146,received,17,4
14,146,received,18,3
14,146,received,18,4
14,146,received,19,3
14,146,received,19,4
14,146,received,20,3
14,146,received,20,4
14,147,received,1,3
14,147,received,1,4
14,147,received,2,3
14,147,received,2,4
14,147,received,3,3
14,147,received,3,4
14,147,received,4,3
14,147,received,4,4
14,147,received,5,3
14,147,received,5,4
14,147,received,6,3
14,147,received,6,4
14,147,received,7,3
14,147,received,7,4
14,147,received,8,3
14,147,received,8,4
14,147,received,9,3
14,147,received,9,4
14,147,received,10,3
14,147,received,10,4
14,147,received,11,3
14,147,received,11,4
14,147,received,12,3
14,147,received,12,4
14,147,received,13,3
14,147,received,13,4
14,147,received,14,3
14,147,received,14,4
14,147,received,15,3
14,147,received,15,4
14,147,received,16,3
14,147,received,16,4
14,147,received,17,3
14,147,received,17,4
14,147,received,18,3
14,147,received,18,4
14,147,received,19,3
14,147,received,19,4
14,147,received,20,3
14,147,received,20,4
14,148,received,1,3
14,148,received,1,4
14,148,received,2,3
14,148,received,2,4
14,148,received,3,3
14,148,received,3,4
14,148,received,4,3
14,148,received,4,4
14,148,received,5,3
14,148,received,5,4
14,148,received,6,3
14,148,received,6,4
14,148,received,7,3
14,148,received,7,4
14,148,received,8,3
14,148,received,8,4
14,148,received,9,3
14,148,received,9,4
14,148,received,10,3
14,148,received,10,4
14,148,received,11,3
14,148,received,11,4
14,148,received,12,3
14,148,received,12,4
14,148,received,13,3
14,148,received,13,4
14,148,received,14,3
14,148,received,14,4
14,148,received,15,3
14,148,received,15,4
14,148,received,16,3
14,148,received,16,4
14,148,received,17,3
14,148,received,17,4
14,148,received,18,3
14,148,received,18,4
14,148,received,19,3
14,148,received,19,4
14,148,received,20,3
14,148,received,20,4
14,149,received,1,3
14,149,received,1,4
14,149,received,2,3
14,149,received,2,4
14,149,received,3,3
14,149,received,3,4
14,149,received,4,3
14,149,received,4,4
14,149,received,5,3
14,149,received,5,4
14,149,received,6,3
14,149,received,6,4
14,149,received,7,3
14,149,received,7,4
14,149,received,8,3
14,149,received,8,4
14,149,received,9,3
14,149,received,9,4
14,149,received,10,3
14,149,received,10,4
14,149,received,11,3
14,149,received,11,4
14,149,received,12,3
14,149,received,12,4
14,149,received,13,3
14,149,received,13,4
14,149,received,14,3
14,149,received,14,4
14,149,received,15,3
14,149,received,15,4
14,149,received,16,3
14,149,received,16,4
14,149,received,17,3
14,149,received,17,4
14,149,received,18,3
14,149,received,18,4
14,149,received,19,3
14,149,received,19,4
14,149,received,20,3
14,149,received,20,4
