period,position,meter
0,0,17
0,1,18
0,2,1
0,3,4
0,4,2
0,5,9
0,6,15
0,7,11
0,8,3
0,9,8
1,0,8
1,1,17
1,2,3
1,3,2
1,4,13
1,5,7
1,6,18
1,7,5
1,8,15
1,9,1
2,0,6
2,1,1
2,2,7
2,3,4
2,4,10
2,5,2
2,6,12
2,7,8
2,8,11
2,9,19
3,0,20
3,1,5
3,2,18
3,3,13
3,4,1
3,5,8
3,6,14
3,7,11
3,8,6
3,9,2
4,0,18
4,1,9
4,2,19
4,3,12
4,4,20
4,5,4
4,6,15
4,7,13
4,8,7
4,9,3
5,0,4
5,1,11
5,2,18
5,3,1
5,4,2
5,5,17
5,6,10
5,7,16
5,8,12
5,9,15
6,0,19
6,1,13
6,2,10
6,3,2
6,4,7
6,5,8
6,6,11
6,7,1
6,8,9
6,9,4
7,0,6
7,1,3
7,2,19
7,3,12
7,4,5
7,5,8
7,6,2
7,7,16
7,8,1
7,9,18
8,0,3
8,1,1
8,2,20
8,3,2
8,4,10
8,5,4
8,6,11
8,7,7
8,8,15
8,9,17
9,0,5
9,1,18
9,2,7
9,3,15
9,4,2
9,5,11
9,6,14
9,7,19
9,8,3
9,9,10
10,0,7
10,1,1
10,2,20
10,3,3
10,4,15
10,5,9
10,6,11
10,7,14
10,8,5
10,9,8
11,0,4
11,1,15
11,2,18
11,3,19
11,4,13
11,5,9
11,6,7
11,7,16
11,8,5
11,9,3
12,0,20
12,1,16
12,2,11
12,3,14
12,4,5
12,5,17
12,6,1
12,7,15
12,8,3
12,9,18
13,0,8
13,1,16
13,2,7
13,3,4
13,4,20
13,5,17
13,6,1
13,7,5
13,8,15
13,9,13
14,0,10
14,1,16
14,2,4
14,3,19
14,4,5
14,5,14
14,6,1
14,7,2
14,8,7
14,9,12
