kind,period,customer,start_round,end_round,status,value,unit,commitment_ok,coverage_ok,oracle_expected,oracle_match,reconstruction_verify_seconds
spatial,0,0,0,0,verified_complete,1957661,mWh,1,1,1957661,1,0.026018440
spatial,0,0,1,1,verified_complete,1680410,mWh,1,1,1680410,1,0.026017276
spatial,0,0,2,2,verified_complete,1287078,mWh,1,1,1287078,1,0.025971299
spatial,0,0,3,3,verified_complete,1853325,mWh,1,1,1853325,1,0.025972802
spatial,0,0,4,4,verified_complete,1998243,mWh,1,1,1998243,1,0.025980397
spatial,0,0,5,5,verified_complete,1939328,mWh,1,1,1939328,1,0.025969362
spatial,0,0,6,6,verified_complete,1363660,mWh,1,1,1363660,1,0.025974494
spatial,0,0,7,7,verified_complete,1669743,mWh,1,1,1669743,1,0.025967903
spatial,0,0,8,8,verified_complete,1313660,mWh,1,1,1313660,1,0.025964073
spatial,0,0,9,9,verified_complete,1726576,mWh,1,1,1726576,1,0.025975000
bill,0,1,0,9,verified_complete,96487091,nanoCAD,1,1,96487091,1,0.025971834
bill,0,2,0,9,verified_complete,143773813,nanoCAD,1,1,143773813,1,0.025967612
bill,0,3,0,9,verified_complete,130221392,nanoCAD,1,1,130221392,1,0.025959056
bill,0,4,0,9,verified_complete,82515694,nanoCAD,1,1,82515694,1,0.025969241
bill,0,5,0,9,verified_complete,142535465,nanoCAD,1,1,142535465,1,0.026008316
bill,0,6,0,9,verified_complete,134144791,nanoCAD,1,1,134144791,1,0.025927686
bill,0,7,0,9,verified_complete,84405930,nanoCAD,1,1,84405930,1,0.025923835
bill,0,8,0,9,verified_complete,159108858,nanoCAD,1,1,159108858,1,0.025925278
bill,0,9,0,9,verified_complete,118958491,nanoCAD,1,1,118958491,1,0.025919204
bill,0,10,0,9,verified_complete,123204724,nanoCAD,1,1,123204724,1,0.025980611
bill,0,11,0,9,verified_complete,126873577,nanoCAD,1,1,126873577,1,0.025923260
bill,0,12,0,9,verified_complete,115231961,nanoCAD,1,1,115231961,1,0.025924205
bill,0,13,0,9,verified_complete,138302693,nanoCAD,1,1,138302693,1,0.025937797
bill,0,14,0,9,verified_complete,120385527,nanoCAD,1,1,120385527,1,0.025926038
bill,0,15,0,9,verified_complete,156368252,nanoCAD,1,1,156368252,1,0.025922408
bill,0,16,0,9,verified_complete,101449176,nanoCAD,1,1,101449176,1,0.025922278
bill,0,17,0,9,verified_complete,94042577,nanoCAD,1,1,94042577,1,0.025918482
bill,0,18,0,9,verified_complete,114506244,nanoCAD,1,1,114506244,1,0.025928630
bill,0,19,0,9,verified_complete,132211442,nanoCAD,1,1,132211442,1,0.025919519
bill,0,20,0,9,verified_complete,122923628,nanoCAD,1,1,122923628,1,0.025942556
spatial,1,0,10,10,verified_complete,1949826,mWh,1,1,1949826,1,0.025952466
spatial,1,0,11,11,verified_complete,2153910,mWh,1,1,2153910,1,0.026020615
spatial,1,0,12,12,verified_complete,2114577,mWh,1,1,2114577,1,0.025975321
spatial,1,0,13,13,verified_complete,1970575,mWh,1,1,1970575,1,0.025971600
spatial,1,0,14,14,verified_complete,1730659,mWh,1,1,1730659,1,0.025976231
spatial,1,0,15,15,verified_complete,1729243,mWh,1,1,1729243,1,0.025985955
spatial,1,0,16,16,verified_complete,1705245,mWh,1,1,1705245,1,0.025964845
spatial,1,0,17,17,verified_complete,1409078,mWh,1,1,1409078,1,0.025985347
spatial,1,0,18,18,verified_complete,1637409,mWh,1,1,1637409,1,0.025969051
spatial,1,0,19,19,verified_complete,1797327,mWh,1,1,1797327,1,0.025982701
bill,1,1,10,19,verified_complete,201863953,nanoCAD,1,1,201863953,1,0.025962978
bill,1,2,10,19,verified_complete,132482282,nanoCAD,1,1,132482282,1,0.025944516
bill,1,3,10,19,verified_complete,122058901,nanoCAD,1,1,122058901,1,0.025927145
bill,1,4,10,19,verified_complete,140727755,nanoCAD,1,1,140727755,1,0.025968126
bill,1,5,10,19,verified_complete,124027180,nanoCAD,1,1,124027180,1,0.025975626
bill,1,6,10,19,verified_complete,125051036,nanoCAD,1,1,125051036,1,0.025926775
bill,1,7,10,19,verified_complete,170689013,nanoCAD,1,1,170689013,1,0.025921405
bill,1,8,10,19,verified_complete,134202809,nanoCAD,1,1,134202809,1,0.025929867
bill,1,9,10,19,verified_complete,142929605,nanoCAD,1,1,142929605,1,0.025920441
bill,1,10,10,19,verified_complete,129206604,nanoCAD,1,1,129206604,1,0.025924127
bill,1,11,10,19,verified_complete,125953639,nanoCAD,1,1,125953639,1,0.025940756
bill,1,12,10,19,verified_complete,144004939,nanoCAD,1,1,144004939,1,0.025924608
bill,1,13,10,19,verified_complete,142225108,nanoCAD,1,1,142225108,1,0.025925960
bill,1,14,10,19,verified_complete,157245511,nanoCAD,1,1,157245511,1,0.025924849
bill,1,15,10,19,verified_complete,149089179,nanoCAD,1,1,149089179,1,0.025919886
bill,1,16,10,19,verified_complete,130928854,nanoCAD,1,1,130928854,1,0.025923626
bill,1,17,10,19,verified_complete,127574997,nanoCAD,1,1,127574997,1,0.025919052
bill,1,18,10,19,verified_complete,117139091,nanoCAD,1,1,117139091,1,0.025928108
bill,1,19,10,19,verified_complete,166888833,nanoCAD,1,1,166888833,1,0.025938015
bill,1,20,10,19,verified_complete,92888255,nanoCAD,1,1,92888255,1,0.025923016
spatial,2,0,20,20,verified_complete,1973743,mWh,1,1,1973743,1,0.025956145
spatial,2,0,21,21,verified_complete,1921577,mWh,1,1,1921577,1,0.025969240
spatial,2,0,22,22,verified_complete,1654745,mWh,1,1,1654745,1,0.025973370
spatial,2,0,23,23,verified_complete,1685162,mWh,1,1,1685162,1,0.025976278
spatial,2,0,24,24,verified_complete,1867491,mWh,1,1,1867491,1,0.025961446
spatial,2,0,25,25,verified_complete,1654077,mWh,1,1,1654077,1,0.025965095
spatial,2,0,26,26,verified_complete,1796658,mWh,1,1,1796658,1,0.025971836
spatial,2,0,27,27,verified_complete,1640077,mWh,1,1,1640077,1,0.025971281
spatial,2,0,28,28,verified_complete,1792494,mWh,1,1,1792494,1,0.025979263
spatial,2,0,29,29,verified_complete,2029242,mWh,1,1,2029242,1,0.025979301
bill,2,1,20,29,verified_complete,138815627,nanoCAD,1,1,138815627,1,0.025962079
bill,2,2,20,29,verified_complete,147947926,nanoCAD,1,1,147947926,1,0.025922486
bill,2,3,20,29,verified_complete,158281699,nanoCAD,1,1,158281699,1,0.025928375
bill,2,4,20,29,verified_complete,130864810,nanoCAD,1,1,130864810,1,0.025928394
bill,2,5,20,29,verified_complete,141901236,nanoCAD,1,1,141901236,1,0.025927561
bill,2,6,20,29,verified_complete,111281008,nanoCAD,1,1,111281008,1,0.025917338
bill,2,7,20,29,verified_complete,169259695,nanoCAD,1,1,169259695,1,0.025967172
bill,2,8,20,29,verified_complete,130845990,nanoCAD,1,1,130845990,1,0.025919672
bill,2,9,20,29,verified_complete,122920261,nanoCAD,1,1,122920261,1,0.025918375
bill,2,10,20,29,verified_complete,186242597,nanoCAD,1,1,186242597,1,0.025929376
bill,2,11,20,29,verified_complete,155783779,nanoCAD,1,1,155783779,1,0.025916375
bill,2,12,20,29,verified_complete,158812308,nanoCAD,1,1,158812308,1,0.025926357
bill,2,13,20,29,verified_complete,131301556,nanoCAD,1,1,131301556,1,0.025915246
bill,2,14,20,29,verified_complete,176581193,nanoCAD,1,1,176581193,1,0.025921875
bill,2,15,20,29,verified_complete,127308158,nanoCAD,1,1,127308158,1,0.025940801
bill,2,16,20,29,verified_complete,121046947,nanoCAD,1,1,121046947,1,0.025922968
bill,2,17,20,29,verified_complete,132815325,nanoCAD,1,1,132815325,1,0.025915135
bill,2,18,20,29,verified_complete,133262744,nanoCAD,1,1,133262744,1,0.025974986
bill,2,19,20,29,verified_complete,142014374,nanoCAD,1,1,142014374,1,0.025915801
bill,2,20,20,29,verified_complete,135091004,nanoCAD,1,1,135091004,1,0.025927116
spatial,3,0,30,30,verified_complete,1702745,mWh,1,1,1702745,1,0.025971043
spatial,3,0,31,31,verified_complete,2350160,mWh,1,1,2350160,1,0.025972728
spatial,3,0,32,32,verified_complete,1446159,mWh,1,1,1446159,1,0.025972617
spatial,3,0,33,33,verified_complete,2256325,mWh,1,1,2256325,1,0.025976146
spatial,3,0,34,34,verified_complete,1902911,mWh,1,1,1902911,1,0.026015969
spatial,3,0,35,35,verified_complete,1931408,mWh,1,1,1931408,1,0.026023552
spatial,3,0,36,36,verified_complete,2255661,mWh,1,1,2255661,1,0.025972577
spatial,3,0,37,37,verified_complete,1902077,mWh,1,1,1902077,1,0.025971636
spatial,3,0,38,38,verified_complete,1933075,mWh,1,1,1933075,1,0.025956451
spatial,3,0,39,39,verified_complete,1884660,mWh,1,1,1884660,1,0.025962766
bill,3,1,30,39,verified_complete,173349105,nanoCAD,1,1,173349105,1,0.025965007
bill,3,2,30,39,verified_complete,139381196,nanoCAD,1,1,139381196,1,0.025930100
bill,3,3,30,39,verified_complete,165975095,nanoCAD,1,1,165975095,1,0.025930119
bill,3,4,30,39,verified_complete,161135171,nanoCAD,1,1,161135171,1,0.025930785
bill,3,5,30,39,verified_complete,124270083,nanoCAD,1,1,124270083,1,0.025971395
bill,3,6,30,39,verified_complete,149848926,nanoCAD,1,1,149848926,1,0.025923878
bill,3,7,30,39,verified_complete,135794864,nanoCAD,1,1,135794864,1,0.025927804
bill,3,8,30,39,verified_complete,166081324,nanoCAD,1,1,166081324,1,0.025926322
bill,3,9,30,39,verified_complete,154703007,nanoCAD,1,1,154703007,1,0.025961136
bill,3,10,30,39,verified_complete,161212257,nanoCAD,1,1,161212257,1,0.025948970
bill,3,11,30,39,verified_complete,144679388,nanoCAD,1,1,144679388,1,0.025925082
bill,3,12,30,39,verified_complete,134804095,nanoCAD,1,1,134804095,1,0.025922360
bill,3,13,30,39,verified_complete,103739811,nanoCAD,1,1,103739811,1,0.025947359
bill,3,14,30,39,verified_complete,129395693,nanoCAD,1,1,129395693,1,0.025959080
bill,3,15,30,39,verified_complete,137134509,nanoCAD,1,1,137134509,1,0.025924378
bill,3,16,30,39,verified_complete,131417608,nanoCAD,1,1,131417608,1,0.025921063
bill,3,17,30,39,verified_complete,129512571,nanoCAD,1,1,129512571,1,0.025968246
bill,3,18,30,39,verified_complete,109156262,nanoCAD,1,1,109156262,1,0.025925193
bill,3,19,30,39,verified_complete,133260924,nanoCAD,1,1,133260924,1,0.025924637
bill,3,20,30,39,verified_complete,153306991,nanoCAD,1,1,153306991,1,0.025920526
spatial,4,0,40,40,verified_complete,1970328,mWh,1,1,1970328,1,0.025973151
spatial,4,0,41,41,verified_complete,1573743,mWh,1,1,1573743,1,0.025956811
spatial,4,0,42,42,verified_complete,1942160,mWh,1,1,1942160,1,0.025958601
spatial,4,0,43,43,verified_complete,1498995,mWh,1,1,1498995,1,0.025985758
spatial,4,0,44,44,verified_complete,1729159,mWh,1,1,1729159,1,0.025981173
spatial,4,0,45,45,verified_complete,1758660,mWh,1,1,1758660,1,0.025973994
spatial,4,0,46,46,verified_complete,1955577,mWh,1,1,1955577,1,0.026009332
spatial,4,0,47,47,verified_complete,1735409,mWh,1,1,1735409,1,0.025971559
spatial,4,0,48,48,verified_complete,2195494,mWh,1,1,2195494,1,0.025965488
spatial,4,0,49,49,verified_complete,1821493,mWh,1,1,1821493,1,0.025978156
bill,4,1,40,49,verified_complete,158930721,nanoCAD,1,1,158930721,1,0.025967452
bill,4,2,40,49,verified_complete,118279612,nanoCAD,1,1,118279612,1,0.025921138
bill,4,3,40,49,verified_complete,130140560,nanoCAD,1,1,130140560,1,0.025999081
bill,4,4,40,49,verified_complete,153089786,nanoCAD,1,1,153089786,1,0.025920120
bill,4,5,40,49,verified_complete,130237443,nanoCAD,1,1,130237443,1,0.025927230
bill,4,6,40,49,verified_complete,135472341,nanoCAD,1,1,135472341,1,0.025949397
bill,4,7,40,49,verified_complete,156101131,nanoCAD,1,1,156101131,1,0.025978989
bill,4,8,40,49,verified_complete,127960666,nanoCAD,1,1,127960666,1,0.025926175
bill,4,9,40,49,verified_complete,112374305,nanoCAD,1,1,112374305,1,0.025926471
bill,4,10,40,49,verified_complete,159812205,nanoCAD,1,1,159812205,1,0.025919675
bill,4,11,40,49,verified_complete,129473091,nanoCAD,1,1,129473091,1,0.025965008
bill,4,12,40,49,verified_complete,118706011,nanoCAD,1,1,118706011,1,0.025920249
bill,4,13,40,49,verified_complete,125881825,nanoCAD,1,1,125881825,1,0.025926472
bill,4,14,40,49,verified_complete,141105713,nanoCAD,1,1,141105713,1,0.025917212
bill,4,15,40,49,verified_complete,102951952,nanoCAD,1,1,102951952,1,0.025936378
bill,4,16,40,49,verified_complete,142759350,nanoCAD,1,1,142759350,1,0.025917675
bill,4,17,40,49,verified_complete,153090373,nanoCAD,1,1,153090373,1,0.025921249
bill,4,18,40,49,verified_complete,154673840,nanoCAD,1,1,154673840,1,0.025925601
bill,4,19,40,49,verified_complete,131141003,nanoCAD,1,1,131141003,1,0.025917564
bill,4,20,40,49,verified_complete,156117678,nanoCAD,1,1,156117678,1,0.025922156
spatial,5,0,50,50,verified_complete,1928743,mWh,1,1,1928743,1,0.026021876
spatial,5,0,51,51,verified_complete,1610992,mWh,1,1,1610992,1,0.026014858
spatial,5,0,52,52,verified_complete,2020827,mWh,1,1,2020827,1,0.025973375
spatial,5,0,53,53,verified_complete,1841078,mWh,1,1,1841078,1,0.025977149
spatial,5,0,54,54,verified_complete,1872159,mWh,1,1,1872159,1,0.025968164
spatial,5,0,55,55,verified_complete,1650744,mWh,1,1,1650744,1,0.025974938
spatial,5,0,56,56,verified_complete,1436494,mWh,1,1,1436494,1,0.025964765
spatial,5,0,57,57,verified_complete,1982245,mWh,1,1,1982245,1,0.026017813
spatial,5,0,58,58,verified_complete,2045160,mWh,1,1,2045160,1,0.025978937
spatial,5,0,59,59,verified_complete,1701992,mWh,1,1,1701992,1,0.025970171
bill,5,1,50,59,verified_complete,155799470,nanoCAD,1,1,155799470,1,0.025952393
bill,5,2,50,59,verified_complete,149906920,nanoCAD,1,1,149906920,1,0.025928560
bill,5,3,50,59,verified_complete,73756624,nanoCAD,1,1,73756624,1,0.025925301
bill,5,4,50,59,verified_complete,121845710,nanoCAD,1,1,121845710,1,0.025922264
bill,5,5,50,59,verified_complete,152319306,nanoCAD,1,1,152319306,1,0.025926356
bill,5,6,50,59,verified_complete,137815624,nanoCAD,1,1,137815624,1,0.025967282
bill,5,7,50,59,verified_complete,153773680,nanoCAD,1,1,153773680,1,0.025929320
bill,5,8,50,59,verified_complete,142886240,nanoCAD,1,1,142886240,1,0.025921245
bill,5,9,50,59,verified_complete,94204688,nanoCAD,1,1,94204688,1,0.025926708
bill,5,10,50,59,verified_complete,158902096,nanoCAD,1,1,158902096,1,0.025921264
bill,5,11,50,59,verified_complete,139476560,nanoCAD,1,1,139476560,1,0.025923356
bill,5,12,50,59,verified_complete,144202542,nanoCAD,1,1,144202542,1,0.025918671
bill,5,13,50,59,verified_complete,154468292,nanoCAD,1,1,154468292,1,0.025922394
bill,5,14,50,59,verified_complete,139777780,nanoCAD,1,1,139777780,1,0.025949282
bill,5,15,50,59,verified_complete,166114446,nanoCAD,1,1,166114446,1,0.025923504
bill,5,16,50,59,verified_complete,122788179,nanoCAD,1,1,122788179,1,0.025917949
bill,5,17,50,59,verified_complete,120716857,nanoCAD,1,1,120716857,1,0.025921079
bill,5,18,50,59,verified_complete,199747461,nanoCAD,1,1,199747461,1,0.025917190
bill,5,19,50,59,verified_complete,139502819,nanoCAD,1,1,139502819,1,0.025925597
bill,5,20,50,59,verified_complete,167516602,nanoCAD,1,1,167516602,1,0.025917024
spatial,6,0,60,60,verified_complete,2374745,mWh,1,1,2374745,1,0.025960089
spatial,6,0,61,61,verified_complete,1605576,mWh,1,1,1605576,1,0.025978394
spatial,6,0,62,62,verified_complete,1774410,mWh,1,1,1774410,1,0.025968867
spatial,6,0,63,63,verified_complete,2092159,mWh,1,1,2092159,1,0.025982097
spatial,6,0,64,64,verified_complete,1823324,mWh,1,1,1823324,1,0.025969698
spatial,6,0,65,65,verified_complete,2174159,mWh,1,1,2174159,1,0.025974687
spatial,6,0,66,66,verified_complete,2008575,mWh,1,1,2008575,1,0.025968306
spatial,6,0,67,67,verified_complete,1869412,mWh,1,1,1869412,1,0.026011590
spatial,6,0,68,68,verified_complete,1945496,mWh,1,1,1945496,1,0.025974448
spatial,6,0,69,69,verified_complete,1651410,mWh,1,1,1651410,1,0.025976621
bill,6,1,60,69,verified_complete,110189789,nanoCAD,1,1,110189789,1,0.025965974
bill,6,2,60,69,verified_complete,118987760,nanoCAD,1,1,118987760,1,0.025986473
bill,6,3,60,69,verified_complete,150382228,nanoCAD,1,1,150382228,1,0.025930030
bill,6,4,60,69,verified_complete,158754460,nanoCAD,1,1,158754460,1,0.025920029
bill,6,5,60,69,verified_complete,108260512,nanoCAD,1,1,108260512,1,0.025931066
bill,6,6,60,69,verified_complete,105316840,nanoCAD,1,1,105316840,1,0.025919900
bill,6,7,60,69,verified_complete,160322974,nanoCAD,1,1,160322974,1,0.025967956
bill,6,8,60,69,verified_complete,114276328,nanoCAD,1,1,114276328,1,0.025924530
bill,6,9,60,69,verified_complete,153929381,nanoCAD,1,1,153929381,1,0.025925104
bill,6,10,60,69,verified_complete,163834920,nanoCAD,1,1,163834920,1,0.025927067
bill,6,11,60,69,verified_complete,148684261,nanoCAD,1,1,148684261,1,0.025927178
bill,6,12,60,69,verified_complete,157438279,nanoCAD,1,1,157438279,1,0.025920622
bill,6,13,60,69,verified_complete,140075056,nanoCAD,1,1,140075056,1,0.025916308
bill,6,14,60,69,verified_complete,132848943,nanoCAD,1,1,132848943,1,0.025923752
bill,6,15,60,69,verified_complete,118098529,nanoCAD,1,1,118098529,1,0.025939308
bill,6,16,60,69,verified_complete,196726354,nanoCAD,1,1,196726354,1,0.025924511
bill,6,17,60,69,verified_complete,142620642,nanoCAD,1,1,142620642,1,0.025918067
bill,6,18,60,69,verified_complete,165605676,nanoCAD,1,1,165605676,1,0.025928437
bill,6,19,60,69,verified_complete,153941158,nanoCAD,1,1,153941158,1,0.025917308
bill,6,20,60,69,verified_complete,124471211,nanoCAD,1,1,124471211,1,0.025947789
spatial,7,0,70,70,verified_complete,1588496,mWh,1,1,1588496,1,0.025977367
spatial,7,0,71,71,verified_complete,1651659,mWh,1,1,1651659,1,0.025964392
spatial,7,0,72,72,verified_complete,1866577,mWh,1,1,1866577,1,0.025971638
spatial,7,0,73,73,verified_complete,1719244,mWh,1,1,1719244,1,0.026010309
spatial,7,0,74,74,verified_complete,2118162,mWh,1,1,2118162,1,0.025965591
spatial,7,0,75,75,verified_complete,2027909,mWh,1,1,2027909,1,0.025971503
spatial,7,0,76,76,verified_complete,1620663,mWh,1,1,1620663,1,0.025970323
spatial,7,0,77,77,verified_complete,1603327,mWh,1,1,1603327,1,0.025958938
spatial,7,0,78,78,verified_complete,1876245,mWh,1,1,1876245,1,0.025966737
spatial,7,0,79,79,verified_complete,2060824,mWh,1,1,2060824,1,0.025972777
bill,7,1,70,79,verified_complete,146249166,nanoCAD,1,1,146249166,1,0.025969370
bill,7,2,70,79,verified_complete,98745674,nanoCAD,1,1,98745674,1,0.025929927
bill,7,3,70,79,verified_complete,190504535,nanoCAD,1,1,190504535,1,0.025927371
bill,7,4,70,79,verified_complete,207427994,nanoCAD,1,1,207427994,1,0.025929981
bill,7,5,70,79,verified_complete,127824474,nanoCAD,1,1,127824474,1,0.025917704
bill,7,6,70,79,verified_complete,151000456,nanoCAD,1,1,151000456,1,0.025925944
bill,7,7,70,79,verified_complete,137979030,nanoCAD,1,1,137979030,1,0.025917667
bill,7,8,70,79,verified_complete,119543292,nanoCAD,1,1,119543292,1,0.025922333
bill,7,9,70,79,verified_complete,124496389,nanoCAD,1,1,124496389,1,0.025926056
bill,7,10,70,79,verified_complete,133300916,nanoCAD,1,1,133300916,1,0.025965667
bill,7,11,70,79,verified_complete,167520401,nanoCAD,1,1,167520401,1,0.025917648
bill,7,12,70,79,verified_complete,120232408,nanoCAD,1,1,120232408,1,0.025941037
bill,7,13,70,79,verified_complete,112653077,nanoCAD,1,1,112653077,1,0.025920112
bill,7,14,70,79,verified_complete,128858867,nanoCAD,1,1,128858867,1,0.025926075
bill,7,15,70,79,verified_complete,124135439,nanoCAD,1,1,124135439,1,0.025914982
bill,7,16,70,79,verified_complete,104257104,nanoCAD,1,1,104257104,1,0.025938574
bill,7,17,70,79,verified_complete,173782234,nanoCAD,1,1,173782234,1,0.025919704
bill,7,18,70,79,verified_complete,141706661,nanoCAD,1,1,141706661,1,0.025930352
bill,7,19,70,79,verified_complete,103330493,nanoCAD,1,1,103330493,1,0.025915297
bill,7,20,70,79,verified_complete,140040711,nanoCAD,1,1,140040711,1,0.025929075
spatial,8,0,80,80,verified_complete,1731491,mWh,1,1,1731491,1,0.025965596
spatial,8,0,81,81,verified_complete,1733160,mWh,1,1,1733160,1,0.025975284
spatial,8,0,82,82,verified_complete,1329078,mWh,1,1,1329078,1,0.025964213
spatial,8,0,83,83,verified_complete,1611743,mWh,1,1,1611743,1,0.025969845
spatial,8,0,84,84,verified_complete,1762576,mWh,1,1,1762576,1,0.025968717
spatial,8,0,85,85,verified_complete,2061494,mWh,1,1,2061494,1,0.025967016
spatial,8,0,86,86,verified_complete,1699326,mWh,1,1,1699326,1,0.025972352
spatial,8,0,87,87,verified_complete,1487994,mWh,1,1,1487994,1,0.025967335
spatial,8,0,88,88,verified_complete,1811909,mWh,1,1,1811909,1,0.025973634
spatial,8,0,89,89,verified_complete,2115825,mWh,1,1,2115825,1,0.025976024
bill,8,1,80,89,verified_complete,131902862,nanoCAD,1,1,131902862,1,0.025954154
bill,8,2,80,89,verified_complete,132956075,nanoCAD,1,1,132956075,1,0.025937284
bill,8,3,80,89,verified_complete,138174924,nanoCAD,1,1,138174924,1,0.025927414
bill,8,4,80,89,verified_complete,134447227,nanoCAD,1,1,134447227,1,0.025971543
bill,8,5,80,89,verified_complete,161501189,nanoCAD,1,1,161501189,1,0.025919192
bill,8,6,80,89,verified_complete,105788213,nanoCAD,1,1,105788213,1,0.025922062
bill,8,7,80,89,verified_complete,160479508,nanoCAD,1,1,160479508,1,0.025920044
bill,8,8,80,89,verified_complete,142224494,nanoCAD,1,1,142224494,1,0.025959024
bill,8,9,80,89,verified_complete,116271804,nanoCAD,1,1,116271804,1,0.025920359
bill,8,10,80,89,verified_complete,106474394,nanoCAD,1,1,106474394,1,0.025993376
bill,8,11,80,89,verified_complete,136819672,nanoCAD,1,1,136819672,1,0.025922506
bill,8,12,80,89,verified_complete,121583893,nanoCAD,1,1,121583893,1,0.025941395
bill,8,13,80,89,verified_complete,109522606,nanoCAD,1,1,109522606,1,0.025958210
bill,8,14,80,89,verified_complete,163615839,nanoCAD,1,1,163615839,1,0.025918174
bill,8,15,80,89,verified_complete,124264637,nanoCAD,1,1,124264637,1,0.025925803
bill,8,16,80,89,verified_complete,118630257,nanoCAD,1,1,118630257,1,0.025916525
bill,8,17,80,89,verified_complete,139190603,nanoCAD,1,1,139190603,1,0.025927951
bill,8,18,80,89,verified_complete,188544151,nanoCAD,1,1,188544151,1,0.025917099
bill,8,19,80,89,verified_complete,178072124,nanoCAD,1,1,178072124,1,0.025937470
bill,8,20,80,89,verified_complete,147882740,nanoCAD,1,1,147882740,1,0.025918877
spatial,9,0,90,90,verified_complete,2329408,mWh,1,1,2329408,1,0.026016711
spatial,9,0,91,91,verified_complete,1620662,mWh,1,1,1620662,1,0.025969584
spatial,9,0,92,92,verified_complete,1811409,mWh,1,1,1811409,1,0.026028789
spatial,9,0,93,93,verified_complete,1561492,mWh,1,1,1561492,1,0.026020975
spatial,9,0,94,94,verified_complete,1840411,mWh,1,1,1840411,1,0.025978514
spatial,9,0,95,95,verified_complete,1748493,mWh,1,1,1748493,1,0.025977071
spatial,9,0,96,96,verified_complete,1691743,mWh,1,1,1691743,1,0.026008831
spatial,9,0,97,97,verified_complete,2262325,mWh,1,1,2262325,1,0.025970611
spatial,9,0,98,98,verified_complete,1689245,mWh,1,1,1689245,1,0.025966426
spatial,9,0,99,99,verified_complete,1662492,mWh,1,1,1662492,1,0.025975131
bill,9,1,90,99,verified_complete,164364388,nanoCAD,1,1,164364388,1,0.025965409
bill,9,2,90,99,verified_complete,154212077,nanoCAD,1,1,154212077,1,0.025933853
bill,9,3,90,99,verified_complete,141437866,nanoCAD,1,1,141437866,1,0.025942094
bill,9,4,90,99,verified_complete,123161692,nanoCAD,1,1,123161692,1,0.025926021
bill,9,5,90,99,verified_complete,95229998,nanoCAD,1,1,95229998,1,0.025919243
bill,9,6,90,99,verified_complete,193047578,nanoCAD,1,1,193047578,1,0.025930483
bill,9,7,90,99,verified_complete,115935511,nanoCAD,1,1,115935511,1,0.025969557
bill,9,8,90,99,verified_complete,127310362,nanoCAD,1,1,127310362,1,0.025934761
bill,9,9,90,99,verified_complete,144163573,nanoCAD,1,1,144163573,1,0.025918446
bill,9,10,90,99,verified_complete,82518776,nanoCAD,1,1,82518776,1,0.025948668
bill,9,11,90,99,verified_complete,103008878,nanoCAD,1,1,103008878,1,0.025917151
bill,9,12,90,99,verified_complete,131485413,nanoCAD,1,1,131485413,1,0.025926576
bill,9,13,90,99,verified_complete,119116839,nanoCAD,1,1,119116839,1,0.025918687
bill,9,14,90,99,verified_complete,142399087,nanoCAD,1,1,142399087,1,0.025926113
bill,9,15,90,99,verified_complete,165327244,nanoCAD,1,1,165327244,1,0.025913946
bill,9,16,90,99,verified_complete,118560827,nanoCAD,1,1,118560827,1,0.025924446
bill,9,17,90,99,verified_complete,122246765,nanoCAD,1,1,122246765,1,0.025918483
bill,9,18,90,99,verified_complete,136197841,nanoCAD,1,1,136197841,1,0.025942242
bill,9,19,90,99,verified_complete,150171360,nanoCAD,1,1,150171360,1,0.025917427
bill,9,20,90,99,verified_complete,144277482,nanoCAD,1,1,144277482,1,0.025923798
spatial,10,0,100,100,verified_complete,1777243,mWh,1,1,1777243,1,0.025962632
spatial,10,0,101,101,verified_complete,1576162,mWh,1,1,1576162,1,0.025967534
spatial,10,0,102,102,verified_complete,2003492,mWh,1,1,2003492,1,0.025964602
spatial,10,0,103,103,verified_complete,1833743,mWh,1,1,1833743,1,0.025971742
spatial,10,0,104,104,verified_complete,1899908,mWh,1,1,1899908,1,0.025973825
spatial,10,0,105,105,verified_complete,1784995,mWh,1,1,1784995,1,0.025973741
spatial,10,0,106,106,verified_complete,1771411,mWh,1,1,1771411,1,0.025972358
spatial,10,0,107,107,verified_complete,1786077,mWh,1,1,1786077,1,0.026017417
spatial,10,0,108,108,verified_complete,1729744,mWh,1,1,1729744,1,0.025986884
spatial,10,0,109,109,verified_complete,1884409,mWh,1,1,1884409,1,0.025965850
bill,10,1,100,109,verified_complete,158053650,nanoCAD,1,1,158053650,1,0.025965091
bill,10,2,100,109,verified_complete,162694476,nanoCAD,1,1,162694476,1,0.025922499
bill,10,3,100,109,verified_complete,97491610,nanoCAD,1,1,97491610,1,0.025930240
bill,10,4,100,109,verified_complete,168722022,nanoCAD,1,1,168722022,1,0.025918425
bill,10,5,100,109,verified_complete,145955300,nanoCAD,1,1,145955300,1,0.025974850
bill,10,6,100,109,verified_complete,162304376,nanoCAD,1,1,162304376,1,0.025924036
bill,10,7,100,109,verified_complete,125128505,nanoCAD,1,1,125128505,1,0.025925296
bill,10,8,100,109,verified_complete,116838141,nanoCAD,1,1,116838141,1,0.025915425
bill,10,9,100,109,verified_complete,126961011,nanoCAD,1,1,126961011,1,0.025921333
bill,10,10,100,109,verified_complete,126390813,nanoCAD,1,1,126390813,1,0.025924777
bill,10,11,100,109,verified_complete,113262546,nanoCAD,1,1,113262546,1,0.025926314
bill,10,12,100,109,verified_complete,128141014,nanoCAD,1,1,128141014,1,0.025914518
bill,10,13,100,109,verified_complete,112378902,nanoCAD,1,1,112378902,1,0.025942536
bill,10,14,100,109,verified_complete,153797311,nanoCAD,1,1,153797311,1,0.025917055
bill,10,15,100,109,verified_complete,163125265,nanoCAD,1,1,163125265,1,0.025931888
bill,10,16,100,109,verified_complete,140937785,nanoCAD,1,1,140937785,1,0.025916741
bill,10,17,100,109,verified_complete,171057296,nanoCAD,1,1,171057296,1,0.025977795
bill,10,18,100,109,verified_complete,109075751,nanoCAD,1,1,109075751,1,0.025917222
bill,10,19,100,109,verified_complete,132565879,nanoCAD,1,1,132565879,1,0.025926333
bill,10,20,100,109,verified_complete,135009368,nanoCAD,1,1,135009368,1,0.025914982
spatial,11,0,110,110,verified_complete,1417326,mWh,1,1,1417326,1,0.025964795
spatial,11,0,111,111,verified_complete,1938327,mWh,1,1,1938327,1,0.025973129
spatial,11,0,112,112,verified_complete,1570661,mWh,1,1,1570661,1,0.026030033
spatial,11,0,113,113,verified_complete,1513242,mWh,1,1,1513242,1,0.026018736
spatial,11,0,114,114,verified_complete,1812992,mWh,1,1,1812992,1,0.025974103
spatial,11,0,115,115,verified_complete,1894327,mWh,1,1,1894327,1,0.025963730
spatial,11,0,116,116,verified_complete,1703910,mWh,1,1,1703910,1,0.025974947
spatial,11,0,117,117,verified_complete,2249661,mWh,1,1,2249661,1,0.025979164
spatial,11,0,118,118,verified_complete,1935244,mWh,1,1,1935244,1,0.025999119
spatial,11,0,119,119,verified_complete,2058494,mWh,1,1,2058494,1,0.025978039
bill,11,1,110,119,verified_complete,157611357,nanoCAD,1,1,157611357,1,0.025958243
bill,11,2,110,119,verified_complete,127321645,nanoCAD,1,1,127321645,1,0.025929595
bill,11,3,110,119,verified_complete,174281829,nanoCAD,1,1,174281829,1,0.025927541
bill,11,4,110,119,verified_complete,180064127,nanoCAD,1,1,180064127,1,0.025932614
bill,11,5,110,119,verified_complete,151079440,nanoCAD,1,1,151079440,1,0.025922411
bill,11,6,110,119,verified_complete,93345131,nanoCAD,1,1,93345131,1,0.025923726
bill,11,7,110,119,verified_complete,132023775,nanoCAD,1,1,132023775,1,0.025919578
bill,11,8,110,119,verified_complete,156681874,nanoCAD,1,1,156681874,1,0.025963336
bill,11,9,110,119,verified_complete,124540839,nanoCAD,1,1,124540839,1,0.025914615
bill,11,10,110,119,verified_complete,115232891,nanoCAD,1,1,115232891,1,0.025931336
bill,11,11,110,119,verified_complete,94952421,nanoCAD,1,1,94952421,1,0.025922059
bill,11,12,110,119,verified_complete,140802690,nanoCAD,1,1,140802690,1,0.025923114
bill,11,13,110,119,verified_complete,141868558,nanoCAD,1,1,141868558,1,0.025914318
bill,11,14,110,119,verified_complete,191446323,nanoCAD,1,1,191446323,1,0.025921559
bill,11,15,110,119,verified_complete,90619380,nanoCAD,1,1,90619380,1,0.025920171
bill,11,16,110,119,verified_complete,132440630,nanoCAD,1,1,132440630,1,0.025940818
bill,11,17,110,119,verified_complete,185473767,nanoCAD,1,1,185473767,1,0.025914836
bill,11,18,110,119,verified_complete,119314637,nanoCAD,1,1,119314637,1,0.025919633
bill,11,19,110,119,verified_complete,131608980,nanoCAD,1,1,131608980,1,0.025945188
bill,11,20,110,119,verified_complete,153895486,nanoCAD,1,1,153895486,1,0.025924411
spatial,12,0,120,120,verified_complete,1281077,mWh,1,1,1281077,1,0.026021364
spatial,12,0,121,121,verified_complete,1617576,mWh,1,1,1617576,1,0.026018448
spatial,12,0,122,122,verified_complete,1804495,mWh,1,1,1804495,1,0.025968607
spatial,12,0,123,123,verified_complete,1798662,mWh,1,1,1798662,1,0.025966876
spatial,12,0,124,124,verified_complete,1920742,mWh,1,1,1920742,1,0.025969069
spatial,12,0,125,125,verified_complete,1993994,mWh,1,1,1993994,1,0.025975558
spatial,12,0,126,126,verified_complete,2048909,mWh,1,1,2048909,1,0.025978011
spatial,12,0,127,127,verified_complete,2385579,mWh,1,1,2385579,1,0.025962296
spatial,12,0,128,128,verified_complete,1494659,mWh,1,1,1494659,1,0.025980451
spatial,12,0,129,129,verified_complete,1699744,mWh,1,1,1699744,1,0.025984068
bill,12,1,120,129,verified_complete,101691275,nanoCAD,1,1,101691275,1,0.025963217
bill,12,2,120,129,verified_complete,169870207,nanoCAD,1,1,169870207,1,0.025928587
bill,12,3,120,129,verified_complete,107822763,nanoCAD,1,1,107822763,1,0.025924125
bill,12,4,120,129,verified_complete,133553349,nanoCAD,1,1,133553349,1,0.025934606
bill,12,5,120,129,verified_complete,119554772,nanoCAD,1,1,119554772,1,0.025921532
bill,12,6,120,129,verified_complete,126179273,nanoCAD,1,1,126179273,1,0.025924365
bill,12,7,120,129,verified_complete,157631798,nanoCAD,1,1,157631798,1,0.025957828
bill,12,8,120,129,verified_complete,131092050,nanoCAD,1,1,131092050,1,0.025968087
bill,12,9,120,129,verified_complete,133760029,nanoCAD,1,1,133760029,1,0.025920958
bill,12,10,120,129,verified_complete,132009871,nanoCAD,1,1,132009871,1,0.025925106
bill,12,11,120,129,verified_complete,87055340,nanoCAD,1,1,87055340,1,0.025924958
bill,12,12,120,129,verified_complete,155048573,nanoCAD,1,1,155048573,1,0.025928884
bill,12,13,120,129,verified_complete,138792190,nanoCAD,1,1,138792190,1,0.025942920
bill,12,14,120,129,verified_complete,118419778,nanoCAD,1,1,118419778,1,0.025938735
bill,12,15,120,129,verified_complete,156307374,nanoCAD,1,1,156307374,1,0.025925995
bill,12,16,120,129,verified_complete,133478296,nanoCAD,1,1,133478296,1,0.025955920
bill,12,17,120,129,verified_complete,140700926,nanoCAD,1,1,140700926,1,0.025927032
bill,12,18,120,129,verified_complete,160388190,nanoCAD,1,1,160388190,1,0.025949273
bill,12,19,120,129,verified_complete,123109662,nanoCAD,1,1,123109662,1,0.025934032
bill,12,20,120,129,verified_complete,147277573,nanoCAD,1,1,147277573,1,0.025926254
spatial,13,0,130,130,verified_complete,2038327,mWh,1,1,2038327,1,0.025998407
spatial,13,0,131,131,verified_complete,1844496,mWh,1,1,1844496,1,0.025965654
spatial,13,0,132,132,verified_complete,2111158,mWh,1,1,2111158,1,0.025975270
spatial,13,0,133,133,verified_complete,1728244,mWh,1,1,1728244,1,0.025971183
spatial,13,0,134,134,verified_complete,1923409,mWh,1,1,1923409,1,0.025966521
spatial,13,0,135,135,verified_complete,1783909,mWh,1,1,1783909,1,0.025967562
spatial,13,0,136,136,verified_complete,2095161,mWh,1,1,2095161,1,0.025959012
spatial,13,0,137,137,verified_complete,1886911,mWh,1,1,1886911,1,0.025982848
spatial,13,0,138,138,verified_complete,1966828,mWh,1,1,1966828,1,0.026025537
spatial,13,0,139,139,verified_complete,1836494,mWh,1,1,1836494,1,0.025967337
bill,13,1,130,139,verified_complete,118032755,nanoCAD,1,1,118032755,1,0.025958394
bill,13,2,130,139,verified_complete,155325790,nanoCAD,1,1,155325790,1,0.025934856
bill,13,3,130,139,verified_complete,112626059,nanoCAD,1,1,112626059,1,0.025921931
bill,13,4,130,139,verified_complete,125509542,nanoCAD,1,1,125509542,1,0.025922005
bill,13,5,130,139,verified_complete,155658213,nanoCAD,1,1,155658213,1,0.025926339
bill,13,6,130,139,verified_complete,172853590,nanoCAD,1,1,172853590,1,0.025932801
bill,13,7,130,139,verified_complete,151299263,nanoCAD,1,1,151299263,1,0.025965782
bill,13,8,130,139,verified_complete,151999096,nanoCAD,1,1,151999096,1,0.025923894
bill,13,9,130,139,verified_complete,175165279,nanoCAD,1,1,175165279,1,0.025916654
bill,13,10,130,139,verified_complete,169689220,nanoCAD,1,1,169689220,1,0.025929690
bill,13,11,130,139,verified_complete,140809517,nanoCAD,1,1,140809517,1,0.025946393
bill,13,12,130,139,verified_complete,100735577,nanoCAD,1,1,100735577,1,0.025928690
bill,13,13,130,139,verified_complete,128777972,nanoCAD,1,1,128777972,1,0.025912561
bill,13,14,130,139,verified_complete,124215552,nanoCAD,1,1,124215552,1,0.025929949
bill,13,15,130,139,verified_complete,175080306,nanoCAD,1,1,175080306,1,0.025933227
bill,13,16,130,139,verified_complete,169246658,nanoCAD,1,1,169246658,1,0.025965967
bill,13,17,130,139,verified_complete,120419507,nanoCAD,1,1,120419507,1,0.025913616
bill,13,18,130,139,verified_complete,184779972,nanoCAD,1,1,184779972,1,0.025926764
bill,13,19,130,139,verified_complete,132259015,nanoCAD,1,1,132259015,1,0.025920338
bill,13,20,130,139,verified_complete,166531957,nanoCAD,1,1,166531957,1,0.025919172
spatial,14,0,140,140,verified_complete,1765659,mWh,1,1,1765659,1,0.025973452
spatial,14,0,141,141,verified_complete,1799161,mWh,1,1,1799161,1,0.025967270
spatial,14,0,142,142,verified_complete,1893242,mWh,1,1,1893242,1,0.025966384
spatial,14,0,143,143,verified_complete,1834159,mWh,1,1,1834159,1,0.025984646
spatial,14,0,144,144,verified_complete,1952492,mWh,1,1,1952492,1,0.025975185
spatial,14,0,145,145,verified_complete,1759494,mWh,1,1,1759494,1,0.025971651
spatial,14,0,146,146,verified_complete,1967078,mWh,1,1,1967078,1,0.025970931
spatial,14,0,147,147,verified_complete,1740743,mWh,1,1,1740743,1,0.025959489
spatial,14,0,148,148,verified_complete,1815078,mWh,1,1,1815078,1,0.026017694
spatial,14,0,149,149,verified_complete,1515991,mWh,1,1,1515991,1,0.025970679
bill,14,1,140,149,verified_complete,174016337,nanoCAD,1,1,174016337,1,0.025956789
bill,14,2,140,149,verified_complete,121828525,nanoCAD,1,1,121828525,1,0.026000734
bill,14,3,140,149,verified_complete,148953955,nanoCAD,1,1,148953955,1,0.025986345
bill,14,4,140,149,verified_complete,117534341,nanoCAD,1,1,117534341,1,0.025924142
bill,14,5,140,149,verified_complete,136277905,nanoCAD,1,1,136277905,1,0.025924808
bill,14,6,140,149,verified_complete,141561338,nanoCAD,1,1,141561338,1,0.025922420
bill,14,7,140,149,verified_complete,113809472,nanoCAD,1,1,113809472,1,0.025961605
bill,14,8,140,149,verified_complete,162764178,nanoCAD,1,1,162764178,1,0.025923068
bill,14,9,140,149,verified_complete,151490505,nanoCAD,1,1,151490505,1,0.025915901
bill,14,10,140,149,verified_complete,107063241,nanoCAD,1,1,107063241,1,0.025951567
bill,14,11,140,149,verified_complete,149553176,nanoCAD,1,1,149553176,1,0.025915401
bill,14,12,140,149,verified_complete,140176521,nanoCAD,1,1,140176521,1,0.025924068
bill,14,13,140,149,verified_complete,118212110,nanoCAD,1,1,118212110,1,0.025915531
bill,14,14,140,149,verified_complete,172155442,nanoCAD,1,1,172155442,1,0.025923864
bill,14,15,140,149,verified_complete,145797441,nanoCAD,1,1,145797441,1,0.025918180
bill,14,16,140,149,verified_complete,139583751,nanoCAD,1,1,139583751,1,0.025918235
bill,14,17,140,149,verified_complete,145924591,nanoCAD,1,1,145924591,1,0.025913235
bill,14,18,140,149,verified_complete,165785070,nanoCAD,1,1,165785070,1,0.025938179
bill,14,19,140,149,verified_complete,133138826,nanoCAD,1,1,133138826,1,0.025919753
bill,14,20,140,149,verified_complete,148900942,nanoCAD,1,1,148900942,1,0.025921068
