round,period,tariff_microCAD_per_Wh,processing_seconds
0,0,98,7.975336939
1,0,157,7.922297822
2,0,203,7.966796630
3,0,98,7.934822946
4,0,157,7.980023529
5,0,203,7.936307998
6,0,98,8.060767955
7,0,157,7.990831268
8,0,203,8.096495610
9,0,98,8.488114696
10,1,157,8.099548680
11,1,203,7.965628832
12,1,98,7.925079885
13,1,157,7.927671077
14,1,203,7.931535180
15,1,98,7.939246885
16,1,157,7.961463564
17,1,203,7.918723728
18,1,98,7.933746011
19,1,157,8.651613175
20,2,203,8.019051110
21,2,98,7.944912069
22,2,157,7.940258952
23,2,203,7.988797092
24,2,98,7.942900038
25,2,157,7.991576538
26,2,203,8.227098505
27,2,98,7.966546048
28,2,157,7.940334172
29,2,203,8.455728661
30,3,98,8.039214253
31,3,157,7.947242362
32,3,203,7.983545275
33,3,98,7.982813746
34,3,157,7.944494031
35,3,203,8.110146169
36,3,98,7.920915900
37,3,157,7.922349103
38,3,203,7.991017905
39,3,98,8.566163657
40,4,157,8.081459859
41,4,203,7.918974434
42,4,98,8.011960598
43,4,157,8.033523787
44,4,203,8.062325847
45,4,98,8.051144427
46,4,157,7.981489741
47,4,203,7.947969269
48,4,98,7.940697797
49,4,157,8.451448488
50,5,203,8.059462202
51,5,98,7.971959201
52,5,157,7.970246946
53,5,203,7.937601877
54,5,98,7.961229249
55,5,157,7.980269081
56,5,203,7.972360602
57,5,98,8.054732087
58,5,157,8.241618653
59,5,203,8.533849440
60,6,98,8.099298350
61,6,157,7.972374256
62,6,203,7.919877434
63,6,98,7.989454954
64,6,157,7.948717758
65,6,203,8.137487710
66,6,98,7.974290918
67,6,157,8.168533773
68,6,203,7.940259679
69,6,98,8.661001027
70,7,157,8.031783587
71,7,203,7.979046079
72,7,98,7.982289088
73,7,157,7.984209302
74,7,203,7.945886335
75,7,98,7.986275963
76,7,157,7.959757197
77,7,203,7.934965372
78,7,98,7.960794108
79,7,157,8.468143282
80,8,203,8.041719399
81,8,98,7.933432808
82,8,157,7.949766218
83,8,203,7.918688958
84,8,98,7.944431900
85,8,157,7.946818185
86,8,203,8.138485412
87,8,98,7.923406952
88,8,157,7.953728732
89,8,203,8.498686836
90,9,98,8.036489377
91,9,157,7.950400358
92,9,203,7.945150767
93,9,98,7.989705952
94,9,157,7.963869799
95,9,203,7.966585590
96,9,98,7.933094216
97,9,157,7.922291957
98,9,203,7.922996070
99,9,98,8.478052168
100,10,157,8.059741127
101,10,203,7.983277047
102,10,98,8.143047331
103,10,157,7.919370682
104,10,203,7.924666353
105,10,98,7.981279382
106,10,157,7.923336856
107,10,203,7.989411021
108,10,98,7.979115069
109,10,157,8.511568520
110,11,203,8.255828862
111,11,98,7.946151675
112,11,157,7.970433553
113,11,203,7.993350904
114,11,98,7.972570792
115,11,157,7.982596392
116,11,203,8.168429745
117,11,98,7.979115970
118,11,157,7.942368294
119,11,203,8.582436419
120,12,98,8.084231950
121,12,157,7.980483789
122,12,203,7.979691794
123,12,98,8.018631085
124,12,157,8.107950777
125,12,203,8.322752265
126,12,98,8.041878379
127,12,157,7.969120947
128,12,203,8.200983857
129,12,98,8.504503183
130,13,157,8.109311470
131,13,203,8.014859364
132,13,98,8.012723418
133,13,157,7.973866012
134,13,203,8.012450907
135,13,98,7.971482863
136,13,157,8.012642438
137,13,203,7.974917215
138,13,98,8.011278135
139,13,157,8.547254303
140,14,203,8.393574637
141,14,98,8.011987448
142,14,157,7.974759229
143,14,203,8.014285997
144,14,98,8.016702047
145,14,157,7.940782732
146,14,203,8.018520331
147,14,98,7.946002332
148,14,157,7.944458298
149,14,203,8.569179894
